001	1962	Spacewar!	Steve Russell and the MIT team / non-commercial	DEC PDP-1	Two spaceships fight around a gravitational star.	One of the most important early examples of a real-time graphical computer game, physics, and direct multiplayer control.
002	1971	Computer Space	Syzygy / Nutting Associates	Arcade	The player steers a ship against flying saucers.	It brought the university type of space action into a commercial coin-operated machine and foreshadowed Atari.
003	1972	Pong	Atari / Atari	Arcade	Two players bounce an electronic "ball" between paddles.	With an extremely simple loop, it demonstrated the commercial potential of arcade video games and contributed decisively to the early boom.
004	1973	Maze War	Steve Colley, Greg Thompson et al.	Imlac / networked computers	Players move through a maze from an eye-level view.	It belongs among the earliest precedents of first-person navigation and networked competition.
005	1974	Gran Trak 10	Atari / Atari	Arcade	A car laps a track against the clock.	It helped define the physical language of automobile cabinets: a steering wheel, pedals, and a top-down view.
006	1976	Colossal Cave Adventure	Will Crowther, Don Woods / non-commercial	PDP-10	A vast cave world is explored through a text parser.	It formed the basic grammar of the text adventure: rooms, inventory, word commands, and space as a puzzle. The CHM preserves its source code.
007	1976	Breakout	Atari / Atari	Arcade	A paddle bounces a ball and breaks rows of bricks.	It reduced Pong to a strong single-player loop and founded its own branch of arcade design.
008	1977	Zork	MIT Dynamic Modelling Group	PDP-10	The player explores an underground realm full of objects and word puzzles.	It substantially raised both parser complexity and the coherence of the interactive world, and later defined Infocom.
009	1977	Combat	Atari / Atari	Atari VCS/2600	Two players fight with tanks or planes in small arenas.	As an early showcase of the VCS, it demonstrated the value of rule variations and home competitive multiplayer.
010	1978	Space Invaders	Taito / Taito	Arcade	The player defends the bottom of the screen against descending aliens.	A tempo that rises as enemies dwindle, and a score chase, created one of the archetypal arcade loops.
011	1978	MUD1	Roy Trubshaw, Richard Bartle	PDP-10, network	Multiple players inhabit a text fantasy world at the same time.	The foundational ancestor of MUDs, MMORPGs, and persistent social online spaces.
012	1978	Adventureland	Scott Adams / Adventure International	TRS-80	A compact fantasy adventure based on text commands.	It showed that a parser adventure could be taken from mainframes onto home microcomputers and sold commercially.
013	1979	Asteroids	Atari / Atari	Arcade	A ship with momentum destroys asteroids in open space.	Vector imagery, inertia, and a wrap-around arena created an extraordinarily clean systems design.
014	1979	Galaxian	Namco / Namco	Arcade	Formations of aliens break away for independent attacks.	Color graphics and individual attack trajectories moved the Space Invaders model toward livelier enemy patterns.
015	1979	Akalabeth: World of Doom	Richard Garriott / originally self-published	Apple II	An adventurer carries out Lord British's tasks in wireframe 3D dungeons.	An important precursor of Ultima, joining an overmap, statistics, and first-person dungeon exploration.
016	1980	Pac-Man	Namco / Namco	Arcade	Pac-Man collects dots in a maze while pursued by four ghosts.	A departure from the military shooter, readable opponent personalities, and universal visual design substantially widened the arcade audience.
017	1980	Rogue	Toy, Wichman, Arnold / later Epyx	Unix	A procedural dungeon changes with every new adventure.	Procedural generation, permadeath, systemic items, and ASCII space created the "roguelike" genus.
018	1980	Missile Command	Atari / Atari	Arcade	With limited anti-missile defense, the player protects cities from bombardment.	The mechanic of inevitable losses turned a score arcade into an unusually anxious resource system.
019	1980	Battlezone	Atari / Atari	Arcade	A tank fights in a vector landscape from the first person.	One of the key early precedents of a 3D first-person combat space.
020	1980	Mystery House	On-Line Systems / On-Line Systems	Apple II	The player solves a murder mystery in a house using text commands and pictures.	Roberta Williams joined the parser with illustrated rooms and opened the way to graphic adventures.
021	1981	Donkey Kong	Nintendo / Nintendo	Arcade	Jumpman rescues Pauline from Donkey Kong across a series of obstacle screens.	It helped establish jumping over obstacles as a central mechanic and introduced Mario.
022	1981	Defender	Williams / Williams	Arcade	In a fast horizontal landscape, the player protects people from aliens.	It combined high speed, a radar, many buttons, and several simultaneous priorities into an unusually complex arcade game.
023	1981	Ultima I	Richard Garriott / California Pacific	Apple II	A hero travels the world, fights, and visits first-person dungeons.	It joined several representations of space and laid the foundation of one of the most influential CRPG lines.
024	1981	Wizardry: Proving Grounds of the Mad Overlord	Sir-Tech / Sir-Tech	Apple II	A six-member party maps a first-person dungeon and develops its characters.	The template of a party-based dungeon RPG with classes and tactical statistics strongly influenced Western and Japanese RPGs.
025	1981	Castle Wolfenstein	Muse Software / Muse	Apple II	A soldier escapes a Nazi fortress, searches the guards, and uses disguises.	A very early combination of stealth, inventory, and systemic infiltration.
026	1981	Utopia	Don Daglow / Mattel	Intellivision	Two rulers build island economies and respond to disasters.	One of the early ancestors of real-time strategy and management simulation on consoles.
027	1981	Galaga	Namco / Namco	Arcade	The player destroys formations of an insect fleet and can gain a double ship.	It refined the fixed shooter through the risk of ship capture, bonus waves, and finer enemy movement.
028	1981	Tempest	Atari / Atari	Arcade	The player moves along the edge of a geometric "tunnel" and shoots inward.	A vector 3D impression, a rotary controller, and abstract space created an entirely distinctive action geometry.
029	1981	Frogger	Konami / Sega-Gremlin	Arcade	A frog crosses a road and a river over moving obstacles.	Precise timing and readable multi-lane systems are an early example of emergent "traffic" level design.
030	1981	Centipede	Atari / Atari	Arcade	With a trackball, the player fights insects in a field of mushrooms.	An unusual trackball input and a changing obstacle field gave the shooter a tactile, spatial dynamic.
031	1982	Joust	Williams / Williams	Arcade	Knights on ostriches collide with opponents in the air.	Inertia and wing-flapping created physics-based combat that worked equally well cooperatively and competitively.
032	1982	Robotron: 2084	Vid Kidz / Williams	Arcade	The player rescues people in the midst of aggressive robotic hordes.	Two independent joysticks separated movement from firing — a scheme that became a basic action grammar.
033	1982	Pitfall!	Activision / Activision	Atari 2600	Pitfall Harry overcomes pits, crocodiles, and vines in a connected jungle.	A long connected world showed that a cartridge could offer a more extensive adventure than a single scoring screen.
034	1982	Ms. Pac-Man	GCC / Midway	Arcade	A Pac-Man maze gains new maps and more variable ghosts.	One of the classic examples of a sequel that expands the original mechanism rather than merely repeating it.
035	1982	Q*bert	Gottlieb / Gottlieb	Arcade	By hopping around a pyramid, the player changes the color of the tiles and avoids enemies.	Isometric presentation turned simple movement into a spatial puzzle.
036	1982	Pole Position	Namco / Namco, Atari	Arcade	A Formula car races along a pseudo-3D track.	Perspective scrolling and a qualifying structure became the model of an entire generation of racing games.
037	1982	Microsoft Flight Simulator 1.0	subLOGIC / Microsoft	IBM PC	A civil aircraft is flown according to instruments and a simple 3D landscape.	Early proof that a PC could support a long-developed technical simulation instead of arcade abstraction.
038	1982	Ultima II	Richard Garriott / Sierra	Apple II	The player travels the Earth and various time periods.	It unusually expanded the scale of the RPG world and experimented with time travel and multiple maps.
039	1982	Choplifter	Dan Gorlin / Broderbund	Apple II	A helicopter rescues hostages and fights the defenders at the same time.	The task of rescuing civilians gave the shooter a strong spatial and logistical goal.
040	1982	Zaxxon	Sega / Sega	Arcade	A ship flies through isometric fortresses and must watch its altitude.	Isometric pseudo-3D created a distinctive sense of space and height in the shooter genre.
041	1983	Mario Bros.	Nintendo / Nintendo	Arcade	Mario and Luigi clear the sewers of creatures by striking platforms.	Single-screen cooperative-competitive design cemented Mario's identity before Super Mario Bros.
042	1983	M.U.L.E.	Ozark Softscape / EA	Atari 8-bit	Colonists produce, trade, and sabotage a market of limited resources.	A brilliant linking of auctions, production, and direct player interaction created one of the first great social strategies.
043	1983	Archon	Free Fall / EA	Atari 8-bit	Pieces on a chessboard map resolve clashes through real-time combat.	It joined abstract turn-based strategy with an action outcome for individual battles.
044	1983	Lode Runner	Doug Smith / Broderbund	Apple II	A hero collects gold and digs into floors in order to escape the guards.	A built-in level editor and the combinatorial logic of the environment substantially extended the life of the game.
045	1983	Star Wars	Atari / Atari	Arcade	A vector X-wing attacks the Death Star.	One of the most impressive early examples of using a license to create a technically specific arcade experience.
046	1983	Dragon's Lair	AMS/Cinematronics	Arcade	The player navigates an animated hero with correctly timed inputs.	Laserdisc made the quality of feature-length animation possible; the game demonstrated both the appeal and the limits of the "interactive movie."
047	1983	Manic Miner	Matthew Smith / Bug-Byte	ZX Spectrum	Miner Willy passes through twenty bizarre rooms full of precise jumps.	It made the most of the Spectrum both technically and aesthetically, and embodied the British 8-bit auteur scene.
048	1983	Spy Hunter	Bally Midway / Bally Midway	Arcade	An armed car fights enemy vehicles on an endless road.	A fluid transition between driving, shooting, and various traffic situations foreshadowed action-racing hybrids.
049	1983	Tapper	Marvin Glass / Bally Midway	Arcade	A bartender serves several parallel counters.	Pure multitasking: the difficulty comes from dividing attention among identical processes with different timing.
050	1984	Elite	David Braben, Ian Bell / Acornsoft	BBC Micro, Acorn Electron	A pilot trades, fights, and travels a vast procedural galaxy.	A procedural universe, a free career, and an economy created a fundamental prefiguration of open-world and sandbox design.
051	1984	King's Quest	Sierra / Sierra	IBM PCjr	Sir Graham explores a fairy-tale world and carries out tasks for the king.	An animated character moved "inside" the graphic scene, by which Sierra advanced the graphic adventure beyond static illustrations.
052	1984	Boulder Dash	Peter Liepa / First Star	Atari 8-bit	Rockford digs dirt, collects diamonds, and manipulates falling rocks.	Simple material physics enables chain reactions and emergent puzzles.
053	1984	Tetris	Alexey Pajitnov	Elektronika 60	Falling tetrominoes are stacked into complete rows.	Extraordinary combinatorial purity, endless scalability of difficulty, and platform independence made it a universal game language.
054	1984	Karateka	Jordan Mechner / Broderbund	Apple II	A fighter penetrates a fortress and fights one-on-one duels.	Rotated animation references and cinematic staging foreshadowed Mechner's Prince of Persia.
055	1984	Rescue on Fractalus!	Lucasfilm Games / Epyx	Atari 8-bit	A pilot rescues castaways in a procedural alien landscape.	Fractal terrain created a surprisingly convincing 3D landscape on 8-bit hardware.
056	1984	The Lords of Midnight	Mike Singleton / Beyond	ZX Spectrum	The player leads heroes and armies against Doomdark in a vast fantasy landscape.	It joined first-person exploration, strategic war, and thousands of views of the world into a remarkably open system.
057	1984	Jet Set Willy	Matthew Smith / Software Projects	ZX Spectrum	Willy passes through a nonlinear mansion full of absurd dangers.	A larger, connected map moved the British platformer from short standalone rooms toward exploration.
058	1984	1942	Capcom / Capcom	Arcade	A fighter plane fights over the Pacific and escapes by rolls.	A more accessible rhythm and a distinctive defensive roll helped define Capcom's arcade school of shooters.
059	1984	Ballblazer	Lucasfilm Games / Epyx	Atari 8-bit	Two futuristic gliders compete for a ball in a first-person arena.	Fast perspective 3D presentation showed the potential of computer sport beyond imitating real disciplines.
060	1985	Super Mario Bros.	Nintendo R&D4 / Nintendo	Famicom/NES	Mario runs through the Mushroom Kingdom, jumps on enemies, and rescues the princess.	The rhythm of movement, inertia, and teaching the rules through level design became a foundational model of the 2D platformer. MobyGames records the Japanese NES/Famicom release of September 13, 1985.
061	1985	Ultima IV: Quest of the Avatar	Origin Systems / Origin	Apple II	The goal is not to defeat a main villain, but to become a moral Avatar.	Eight virtues and the evaluation of behavior made ethics the RPG system itself, not mere dialogue decoration.
062	1985	Gauntlet	Atari Games / Atari Games	Arcade	Up to four heroes fight endless hordes in dungeons at the same time.	Four-member cooperation, character roles, and the consumption of health created a highly influential arcade social loop.
063	1985	Gradius	Konami / Konami	Arcade	Vic Viper gains power-ups through a selectable scale of upgrades.	The power meter gives the player strategic control over the order of upgrades and makes progression part of immediate decision-making.
064	1985	Ghosts 'n Goblins	Capcom / Capcom	Arcade	Knight Arthur fights a demonic world, and hits destroy his armor.	Extremely precise timing and two-stage vulnerability are an archetype of difficult arcade action.
065	1985	Commando	Capcom / Capcom	Arcade	A lone soldier advances vertically through an enemy army.	It helped standardize the multidirectional infantry run-and-gun shooter.
066	1985	Little Computer People	Activision / Activision	C64	The player observes and indirectly influences a virtual person living in a house.	An early precedent of "dollhouse" simulations and The Sims: the character is not only the player's avatar, but an autonomous inhabitant of the system.
067	1985	Balance of Power	Chris Crawford / Mindscape	Macintosh	The USA and the USSR compete for global influence without triggering a nuclear war.	It models conflict as escalation and diplomatic risk instead of conventional conquest of the map.
068	1985	Mercenary	Novagen / Novagen	Atari 8-bit, C64	A shipwrecked pilot moves freely around a planet and looks for a way to escape.	A surprisingly open 3D world foreshadowed the sandbox exploration tradition.
069	1985	Paradroid	Graftgold / Hewson	C64	The player takes control of robots aboard a spaceship.	The "transfer" mechanic turns enemies into temporary classes of the player character and creates strategy from the choice of body.
070	1985	The Bard's Tale	Interplay / EA	Apple II	A party of adventurers clears the city of Skara Brae through turn-based battles.	Distinctive graphics, a musical bard, and elaborate party progression helped the CRPG reach a wider home audience.
071	1986	Metroid	Nintendo R&D1 / Nintendo	Famicom Disk System	Samus explores the connected Zebes and opens older paths with new abilities.	A nonlinear world blocked by abilities became one of the main roots of later "metroidvania" design.
072	1986	The Legend of Zelda	Nintendo R&D4 / Nintendo	Famicom Disk System	Link freely explores Hyrule, finds dungeons, and assembles the Triforce.	An open world, secrets, and saving progress created a console adventure founded on the player's curiosity.
073	1986	Castlevania	Konami / Konami	Famicom Disk System	Simon Belmont penetrates Dracula's castle with a whip and secondary weapons.	Precise committed attacks and a gothic theme gave rise to an extraordinarily long action line.
074	1986	Dragon Quest	Chunsoft / Enix	Famicom	A hero travels Alefgard, gains experience, and defeats the Dragonlord.	It simplified computer RPGs for the Famicom controller and became the basic template of the console JRPG.
075	1986	Out Run	Sega AM2 / Sega	Arcade	A Ferrari drives through a branching landscape against the clock.	Yu Suzuki joined scaling-sprite technology, a branching route, a choice of music, and a feeling of a "luxury drive" instead of pure motorsport.
076	1986	Bubble Bobble	Taito / Taito	Arcade	Two little dragons catch enemies in bubbles on single-screen levels.	Cooperation, the chaining of bonuses, and surprisingly deep rules of secrets make it a model of the systemic arcade.
077	1986	Arkanoid	Taito / Taito	Arcade	A paddle destroys blocks and collects modifying power-ups.	It revived Breakout through a multitude of ball states, lasers, paddle expansions, and structured levels.
078	1986	Kid Icarus	Nintendo R&D1 / Nintendo	Famicom Disk System	Pit ascends through the underworld, collects upgrades, and passes through fortresses.	An interesting hybrid of the platformer, RPG progression, and vertical scrolling.
079	1986	The Sentinel	Geoff Crammond / Firebird	BBC Micro, C64	The player absorbs the energy of objects and changes position under the Sentinel's watch.	A unique spatial game of visibility, energy, and teleportation in procedural 3D landscapes.
080	1986	Defender of the Crown	Cinemaware / Cinemaware	Amiga	English nobles conquer territory through a map and cinematic minigames.	The production quality of the Amiga showed it was possible to present strategy as an "interactive film" with high visual appeal.
081	1986	Might and Magic Book One	New World Computing / NWC	Apple II	A party explores a vast first-person fantasy world.	It combined an open world, dense statistical progression, and long-term exploration into a lasting RPG series.
082	1986	Gunship	MicroProse / MicroProse	DOS, C64 et al.	The player pilots a combat helicopter through tactical missions.	A significant milestone of "serious" military simulation on home computers.
083	1987	Final Fantasy	Square / Square	Famicom	Four Warriors of Light restore the elemental crystals.	A choice of classes, a large adventure, and production ambition helped create the second fundamental pillar of the Japanese RPG.
084	1987	Mega Man	Capcom / Capcom	Famicom/NES	A robotic hero defeats the Robot Masters and takes their weapons.	An optional boss order and the acquisition of their abilities create a strategic network of weaknesses inside an action platformer.
085	1987	Metal Gear	Konami / Konami	MSX2	Solid Snake infiltrates a base and is meant rather to avoid conflicts.	It shifted the emphasis from the elimination of enemies to visibility, patrols, the alarm, and information asymmetry.
086	1987	Maniac Mansion	Lucasfilm Games / Lucasfilm	C64, Apple II	A group of teenagers infiltrates the mansion of a mad scientist.	SCUMM and the verb-interface replaced the need to type commands; more characters and solutions increased the systemic quality of the adventure.
087	1987	Dungeon Master	FTL Games / FTL	Atari ST	A party moves through a physical dungeon in real time.	Real-time combat, direct manipulation, and spatial sound signals radically increased the immersion of the dungeon crawler.
088	1987	R-Type	Irem / Irem	Arcade	The R-9 fights the biomorphic Bydo empire with a detachable Force module.	The Force functions as a shield, a weapon, and an independent object; the levels thus require a spatial solution, not only reflexes.
089	1987	Contra	Konami / Konami	Arcade	Two soldiers shoot across side-view and pseudo-3D sections.	Cooperative speed and multidirectional fire created one of the canonical run-and-gun models.
090	1987	Double Dragon	Technōs / Technōs	Arcade	Two brothers advance through the streets against gangs.	Side-scrolling cooperative brawling fundamentally defined the beat 'em up before Final Fight and Streets of Rage.
091	1987	Sid Meier's Pirates!	MicroProse / MicroProse	C64	A captain trades, fights, searches for family, and changes careers in the Caribbean.	A series of linked systems without a single obligatory activity is an early demonstration of a sandbox "story machine."
092	1987	NetHack	NetHack DevTeam / freeware	Unix	A procedural dungeon is full of items with very complex mutual reactions.	Extreme systemic quality and a multitude of emergent solutions became the measure of deep roguelike design.
093	1987	Leisure Suit Larry	Sierra / Sierra	DOS	Hapless Larry looks for romance in the parodic city of Lost Wages.	An adult theme, humor, and a strong authorial voice showed the widening audience of graphic adventures.
094	1987	Phantasy Star	Sega / Sega	Master System	Alis leads a party among several planets against tyranny.	A sci-fi/fantasy mix, a distinctive heroine, and pseudo-3D dungeons set it apart from the dominant medieval JRPG model.
095	1987	The Last Ninja	System 3 / System 3	C64	A ninja passes through isometric locations, fights, and solves obstacles.	Exceptional presentation and the joining of action with exploration rank among the peaks of the C64 aesthetic school.
096	1987	Zelda II: The Adventure of Link	Nintendo / Nintendo	Famicom Disk System	Link travels a map, but the battles take place from the side, with RPG statistics.	A bold experiment with genre, experience, and precise swordplay shows the low rigidity of the early identity of the Zelda series.
097	1988	Super Mario Bros. 3	Nintendo EAD / Nintendo	Famicom	Mario travels thematic worlds with new suits and map branches.	An encyclopedic stock of ideas, power-ups, and secret paths created a peak of classic 2D Mario design.
098	1988	Wasteland	Interplay / EA	Apple II, C64, DOS	Rangers survive in post-nuclear America and solve tasks by multiple paths.	Persistent changes to the world, skill checks, and reactivity created a direct design line to Fallout.
099	1988	Pool of Radiance	SSI / SSI	C64, Apple II, DOS	A D&D party clears the city of Phlan in turn-based tactical battles.	The "Gold Box" transferred AD&D rules into an extraordinarily successful digital tactical RPG framework.
100	1988	Zak McKracken	Lucasfilm Games / Lucasfilm	C64, DOS	A journalist uncovers a global alien conspiracy.	Extensive travel and several controllable characters developed SCUMM beyond the single mansion of Maniac Mansion.
101	1988	Carrier Command	Realtime Games / Rainbird	Amiga, Atari ST	A futuristic aircraft carrier conquers a network of islands by means of drones.	An exceptionally early mix of a strategic map, real-time logistics, and direct 3D control of units.
102	1988	Snatcher	Konami / Konami	PC-8801, MSX2	Detective Gillian Seed hunts androids that imitate people.	Kojima's cinematic storytelling joined cyberpunk, the parser/menu adventure, and distinctive direction.
103	1988	Ninja Gaiden (NES)	Tecmo / Tecmo	Famicom/NES	Ninja Ryu Hayabusa fights through fast levels and follows a story of revenge.	"Cinema scenes" between levels substantially expanded the narrative ambitions of console action.
104	1989	Prince of Persia	Jordan Mechner / Broderbund	Apple II	The prince has an hour to escape the dungeon and rescue the princess.	Rotoscoped animation, physical inertia, and precise spatial rules created the cinematic-platformer tradition.
105	1989	Populous	Bullfrog / EA	Amiga, Atari ST	The player, as a deity, shapes the terrain and supports their followers.	Indirect control and manipulation of the world instead of units founded a significant branch of the "god game."
106	1989	SimCity	Maxis / Maxis, Broderbund	home computers	The player zones a city and watches the interaction of traffic, the economy, and services.	Without a classic victory, it created a sandbox in which the city is a dynamic system and the experiment itself is the goal.
107	1989	Herzog Zwei	Technosoft / Technosoft	Mega Drive	A transforming aircraft buys units and conquers bases in real time.	A significant console predecessor of the RTS: an economy, production, bases, and simultaneous combat between two players.
108	1989	Mother	Ape/Pax Softnica / Nintendo	Famicom	Children travel a modern America full of aliens and absurd humor.	A contemporary setting and a literary tone disrupted the fantasy conventions of the JRPG and led to EarthBound.
109	1989	Golden Axe	Sega / Sega	Arcade	Fantasy heroes fight Death Adder on foot and on creatures.	It carried the beat 'em up into fantasy space, with magic, distinct characters, and mounts.
110	1989	Indianapolis 500: The Simulation	Papyrus / EA	DOS	An IndyCar race models car setup, tires, and a full 500 miles.	One of the decisive steps from arcade racing toward a serious PC sim-racing tradition.
111	1990	Super Mario World	Nintendo EAD / Nintendo	SNES	Mario explores Dinosaur Land with Yoshi and a multitude of secret exits.	A branching overworld map and multilayered secret paths make a perfectly controllable platformer into an exploration game at the same time.
112	1990	Wing Commander	Origin / Origin	DOS	A Confederation pilot goes through a cinematically staged war against the Kilrathi.	The dynamic course of the campaign and audiovisual spectacle substantially raised the narrative ambitions of PC simulations.
113	1990	The Secret of Monkey Island	Lucasfilm Games / Lucasfilm	DOS, Amiga	Guybrush Threepwood wants to become a pirate and clashes with LeChuck.	Humor, "insult swordfighting," and more benevolent design showed an alternative to Sierra's punishing adventures.
114	1990	Sid Meier's Railroad Tycoon	MicroProse / MicroProse	DOS	The player builds a railway network, trades, and competes with rivals.	An economic system reacting to transport infrastructure became the foundation of the tycoon school.
115	1990	Commander Keen	id Software / Apogee	DOS	Billy Blaze travels planets in a fast PC platformer.	Carmack's adaptive tile-scrolling solution showed that a DOS PC could handle smooth console scrolling.
116	1990	Ultima VI	Origin / Origin	DOS	The Avatar resolves the conflict between the Britannians and the gargoyles in a continuous world.	Removing separate dungeon modes brought the RPG world closer to a model of unified simulated space.
117	1990	Fire Emblem: Shadow Dragon	Intelligent Systems / Nintendo	Famicom	Marth leads an army in turn-based battles, and units can die permanently.	Permadeath joined strategic pieces with individual characters and founded a significant tactical RPG tradition.
118	1990	F-Zero	Nintendo EAD / Nintendo	SNES	Futuristic craft race at extreme speed on sci-fi tracks.	Mode 7 created a convincing rotating "3D" track and demonstrated the strengths of the SNES.
119	1990	ActRaiser	Quintet / Enix	SNES	A deity alternates platform battles with the administration of growing cities.	An unusual bond between two distinct genres gave progress both a macro level and a micro level.
120	1991	Eye of the Beholder	Westwood / SSI	DOS	A party explores the Forgotten Realms in a real-time first-person dungeon.	It transferred the dynamics of Dungeon Master into the popular AD&D license and made the real-time crawler substantially more accessible on the PC.
121	1991	Another World	Éric Chahi / Delphine	Amiga, Atari ST	Physicist Lester is teleported into a hostile alien world.	Minimalist direction narrated without words, and vector animation, prove that atmosphere can arise directly from movement and editing.
122	1991	Lemmings	DMA Design / Psygnosis	Amiga	The player assigns abilities among a crowd of creatures so that as many of them as possible survive.	Indirect control of a large group and a shared time system created an entirely distinctive puzzle grammar.
123	1991	Street Fighter II	Capcom / Capcom	Arcade	Eight fighters with distinct styles compete in one-on-one matches.	The combination of differing characters, special inputs, and combo potential defined the modern competitive fighting game.
124	1991	Sonic the Hedgehog	Sonic Team / Sega	Mega Drive	Sonic frees animals and uses the speed and the slopes of the environment.	Momentum, multiple routes at different heights, and an immediately readable identity gave Sega its own alternative to Mario.
125	1991	The Legend of Zelda: A Link to the Past	Nintendo EAD / Nintendo	SNES	Link travels between the Light World and the Dark World and solves dungeons.	Parallel worlds, items as spatial "keys," and compact dungeon design settled the 2D Zelda formula.
126	1991	Final Fantasy IV	Square / Square	SNES	Cecil undergoes a personal transformation during a war over the crystals.	Active Time Battle joined turn-based commands with time pressure, and the game substantially strengthened character-driven JRPG storytelling.
127	1991	Sid Meier's Civilization	MicroProse / MicroProse	DOS	The player leads a civilization from antiquity to the modern age.	A "one more turn" structure, a technology tree, and multiple paths to victory created one of the foundational strategic templates. The GDC preserves Meier's postmortem.
128	1991	Monkey Island 2: LeChuck's Revenge	LucasArts / LucasArts	DOS, Amiga	Guybrush searches for the treasure Big Whoop and clashes with LeChuck again.	A more nonlinear structure and contextual humor represent one of the peaks of the classic SCUMM adventure.
129	1991	Neverwinter Nights (AOL)	Stormfront / SSI, AOL	PC/AOL	D&D adventurers share a graphical online world of the Forgotten Realms.	One of the important intermediate steps between text MUDs and graphical MMORPGs.
130	1992	Wolfenstein 3D	id Software / Apogee	DOS	B. J. Blazkowicz shoots Nazis in fast first-person labyrinths.	Smooth raycasting and immediate action helped create the mass language of the PC FPS.
131	1992	Dune II	Westwood / Virgin	DOS	The Atreides, the Harkonnens, and the Ordos mine spice, build bases, and lead armies.	It standardized resource gathering, base construction, unit production, and real-time commands — the key model of the RTS.
132	1992	Ultima Underworld	Blue Sky / Origin	DOS	The Avatar explores a fully 3D underground with physics, conversations, and magic.	Free 3D movement and an interaction system are a direct ancestor of the immersive sim tradition.
133	1992	Alone in the Dark	Infogrames / Infogrames	DOS	A hero survives a haunted mansion from cinematic fixed cameras.	Polygonal characters in pre-rendered scenes and limited resources created the basic model of 3D survival horror.
134	1992	Star Control II	Toys for Bob / Accolade	DOS	By exploring the galaxy, the player builds an alliance against the Ur-Quan.	Free travel, alien diplomacy, and skill-based combat created an extraordinarily open sci-fi RPG.
135	1992	Indiana Jones and the Fate of Atlantis	LucasArts / LucasArts	DOS, Amiga	Indy searches for Atlantis before the Nazis do.	Three markedly different paths — team, logic, and action — gave the adventure unusual replayability.
136	1992	Mortal Kombat	Midway / Midway	Arcade	Digitized fighters compete in a brutal tournament.	It turned digitized actors, fatalities, and cultural controversy into a distinctive identity and a part of the debate about game ratings.
137	1992	Super Mario Kart	Nintendo EAD / Nintendo	SNES	Mario characters race and use items against one another.	Karting joined readable racing with "weapons" and comeback mechanics; a new mass subgenre arose.
138	1992	Flashback	Delphine / U.S. Gold	Amiga	Conrad recovers his memory and escapes an alien conspiracy.	The rotoscoped fluidity of Prince of Persia met sci-fi action and a more extensive adventure structure here.
139	1992	Ultima VII: The Black Gate	Origin / Origin	DOS	The Avatar investigates a murder and the religious movement Fellowship.	A detailed world with daily routines of NPCs, manipulable objects, and a minimum of separate interfaces is a milestone of the systemic RPG.
140	1993	Star Fox	Nintendo EAD, Argonaut / Nintendo	SNES	Fox McCloud leads a team through polygonal space.	The Super FX chip brought 3D polygonal action to the SNES, and branching routes increased replayability.
141	1993	X-Wing	Totally Games / LucasArts	DOS	Rebel pilots undertake tactical missions from the cockpit of an X-wing.	It transferred the precision of PC flight simulation into Star Wars and rejected arcade simplification of the license.
142	1993	Day of the Tentacle	LucasArts / LucasArts	DOS, Mac	A trio of heroes across three epochs stops a mutant tentacle.	Puzzles based on cause and effect between time periods are a demonstration of extraordinarily elegant systemic comedy.
143	1993	Doom	id Software / id Software	DOS	A space marine fights demons on Mars and in hell.	Fast pseudo-3D action, networked deathmatch, WAD modification, and shareware distribution fundamentally shaped PC games; the original release was on DOS in December 1993.
144	1993	Myst	Cyan / Broderbund	Macintosh	The player explores a quiet island and reconstructs the story of the Atrus family.	The CD-ROM made visually rich, slow exploration possible; the world communicated mainly through the environment instead of a UI.
145	1993	SimCity 2000	Maxis / Maxis	Mac, DOS	The player builds a layered city with transport, water, taxes, and zones.	It expanded the original system into height, infrastructure, and a more detailed economy, without leaving the open sandbox.
146	1993	Syndicate	Bullfrog / EA	Amiga, DOS	Cybernetic agents carry out violent missions in dystopian cities.	Real-time control of a small group, body upgrades, and a destructive city sandbox foreshadowed squad tactics.
147	1993	Secret of Mana	Square / Square	SNES	A trio of heroes restores the power of Mana in real-time battles.	Ring Command and local multiplayer showed an alternative to menu-driven turn-based JRPGs.
148	1993	Virtua Fighter	Sega AM2 / Sega	Arcade	Polygonal fighters compete according to more realistic fighting styles.	A breakthrough fully polygonal 3D fighting game moved the genre into a new spatial and animation paradigm.
149	1993	Samurai Shodown	SNK / SNK	Arcade/Neo Geo	Samurai fight with weapons that deal high damage.	An emphasis on spacing, individual heavy strikes, and weapons created a counterpoint to combo-oriented Street Fighter.
150	1993	Gabriel Knight: Sins of the Fathers	Sierra / Sierra	DOS, Mac	A writer investigates voodoo murders in New Orleans.	More adult, research-oriented storytelling and strong characterization represent a peak of Sierra's literary adventure.
151	1993	Master of Orion	Simtex / MicroProse	DOS	Empires colonize the galaxy and develop technology and diplomacy.	It popularized the compact space 4X model and a term that became one of the main strategies of the PC.
152	1993	NBA Jam	Midway / Midway	Arcade	Two-member teams play exaggerated basketball full of dunks.	"On fire," simple controls, and theatrical commentary defined arcade sport as a distinctive alternative to simulation.
153	1993	Cannon Fodder	Sensible Software / Virgin	Amiga	A small group of soldiers is led by the mouse through a series of fast missions.	Simple RTS-like control contrasts with the permanent names and graves of the fallen, giving losses a human weight.
154	1993	The Settlers	Blue Byte / Blue Byte	Amiga	A settlement grows through detailed production and transport chains.	The logistics of paths, carriers, and the processing of raw materials made economic flow the main gameplay.
155	1993	Daytona USA	Sega AM2 / Sega	Arcade	Stock cars race on colorful polygonal circuits.	Model 2 brought extraordinarily smooth textured 3D and the networking of multiple cabinets.
156	1993	Ridge Racer	Namco / Namco	Arcade	Sports cars drift along fast tracks.	Drifting and a purely arcade response created a second significant 3D racing school alongside Sega.
157	1994	Doom II	id Software / GT Interactive	DOS	Doomguy fights on Earth against larger hordes of demons.	The super shotgun and an expanded enemy lineup dramatically increased the combinatorial depth of the combat arenas.
158	1994	System Shock	Looking Glass / Origin	DOS	A hacker survives Citadel Station, controlled by the AI SHODAN.	3D space, audio logs, multiple modes of interaction, and systemic solutions laid the foundation of the immersive-sim tradition.
159	1994	X-COM: UFO Defense	Mythos / MicroProse	DOS	The organization X-COM directs global defense and turn-based ground operations against UFOs.	A strategic macro layer and destructive tactical missions with permanent soldiers create emergent stories from the mechanics.
160	1994	Warcraft: Orcs & Humans	Blizzard / Interplay	DOS	Humans and orcs build bases and fight over Azeroth.	It brought the RTS closer to a wider audience and began Blizzard's design competition with Command & Conquer.
161	1994	Super Metroid	Nintendo R&D1 / Nintendo	SNES	Samus explores the planet Zebes again in a connected world.	Extraordinarily elegant nonverbal teaching, movement, and layered shortcuts created one of the main models of the metroidvania.
162	1994	Final Fantasy VI	Square / Square	SNES	A large ensemble of rebels faces an empire and the nihilist Kefka.	An ensemble cast, a dramatic change of the world, and musically staged scenes showed the narrative range of the 16-bit JRPG.
163	1994	Donkey Kong Country	Rare / Nintendo	SNES	Donkey and Diddy Kong recover a stock of bananas.	Pre-rendered 3D graphic assets created an exceptional visual effect on 16-bit hardware.
164	1994	Virtua Fighter 2	Sega AM2 / Sega	Arcade	3D combat extends the technique of the original game with more detailed animation and speed.	High resolution, 60fps movement, and deeper stance/throw play showed that a polygonal fighter can be a technically precise esports system.
165	1994	Tekken	Namco / Namco	Arcade	Fighters compete in the King of Iron Fist tournament.	Four limb buttons and 3D presentation founded a fighting philosophy distinct over the long term.
166	1994	Theme Park	Bullfrog / EA	DOS, Amiga	The player builds attractions, sets prices, and runs an amusement park.	It joined economic management with visually immediate sandbox building — an important ancestor of the "tycoon" boom.
167	1994	Transport Tycoon	Chris Sawyer / MicroProse	DOS	A transport company connects industry and cities by trains, ships, and planes.	Complex network logistics and emergent economic growth created one of the most durable management simulations.
168	1994	Beneath a Steel Sky	Revolution / Virgin	DOS, Amiga	Robert Foster uncovers the dystopian secret of Union City.	An intelligent sci-fi script and a clearer interface represent a European alternative to the schools of LucasArts and Sierra.
169	1994	Little Big Adventure	Adeline / EA	DOS	Twinsen escapes a dictatorship in the isometric world of Twinsun.	Character behavior modes and a fluid joining of exploration, dialogue, and action give the world a distinctive systemic rhythm.
170	1994	Master of Magic	Simtex / MicroProse	DOS	A wizard conquers two fantasy worlds with armies and magic.	Civilization-like expansion joined with tactical battles and an enormous spell system.
171	1994	Wing Commander III	Origin / EA	DOS	Christopher Blair fights in the conclusion of the war against the Kilrathi.	Big-budget FMV with Hollywood actors symbolized the CD-ROM era of the "interactive movie."
172	1994	Magic Carpet	Bullfrog / EA	DOS	A wizard flies over deformable landscapes, collects mana, and fights for territory.	Free 3D flight, terrain deformation, and a strategic economy were unusual for their time, both technically and in design.
173	1994	EarthBound	Ape, HAL / Nintendo	SNES	Ness and the children save a contemporary, oddly American world from Giygas.	Humor, modern everyday life, and an experimental finale created a cult alternative to heroic fantasy.
174	1994	Sensible World of Soccer	Sensible / Renegade	Amiga, DOS	Fast top-down football is complemented by an enormous database and a career.	Joining immediate arcade controllability with management created a uniquely integral football model.
175	1994	Marathon	Bungie / Bungie	Macintosh	A security officer fights aboard the colonization ship Marathon and reads AI terminals.	Vertical aiming, networked multiplayer, and an ambitious text story foreshadow later Bungie design.
176	1995	Chrono Trigger	Square / Square	SNES	A group of heroes travels through epochs in order to avert an apocalypse.	Visible enemies, combined attacks, multiple endings, and an elegant time structure minimize the friction of the classic JRPG.
177	1995	Command & Conquer	Westwood / Virgin	DOS	The GDI and the Brotherhood of Nod wage war over Tiberium.	An intuitive sidebar, an aggressive tempo, and networked multiplayer helped the RTS become the dominant PC genre.
178	1995	Warcraft II	Blizzard / Blizzard	DOS, Mac	Humans and orcs wage a larger war on land, at sea, and in the air.	Firmer asymmetry, fog of war, and online compatibility substantially refined the RTS language.
179	1995	Descent	Parallax / Interplay	DOS	A ship flies through robotic mines with complete freedom in three axes.	A true six degrees of freedom forced the player to think about FPS space without a fixed "up."
180	1995	Wipeout	Psygnosis / Psygnosis	PlayStation	Antigravity machines race futuristic tracks to electronic music.	A club aesthetic, licensed electronica, and technical design helped the PlayStation reach a more adult audience.
181	1995	Tekken 2	Namco / Namco	Arcade	The King of Iron Fist continues with an expanded roster and techniques.	It sped up and deepened the original limb-based combat and became an early demonstration of the quality of PS1 arcade ports.
182	1995	Panzer Dragoon	Team Andromeda / Sega	Saturn	A dragon rider fights in a melancholic post-apocalyptic world.	360° aiming around the flying character used 3D space differently from ordinary forward rail shooters.
183	1995	Rayman	Ubisoft / Ubisoft	Atari Jaguar	Armless Rayman saves a colorful world from Mr. Dark.	Extremely detailed 2D animation showed that the arrival of polygons did not mean the end of the visual relevance of sprite art.
184	1995	Yoshi's Island	Nintendo EAD / Nintendo	SNES	Yoshi carries Baby Mario and uses eggs as projectiles.	A drawn look that feels analog, and the mechanic of aiming eggs, radically distinguished the game from the previous Mario.
185	1995	Heroes of Might and Magic	New World Computing / NWC	DOS	Heroes occupy a map, develop cities, and lead armies.	It joined exploration, RPG development of heroes, and a turn-based army economy into an extraordinarily addictive strategy.
186	1995	Full Throttle	LucasArts / LucasArts	DOS, Mac	Biker Ben uncovers a corporate conspiracy.	Cinematic direction, voice acting, and a simplified contextual interface showed a path from verb-heavy adventures toward a cleaner UX.
187	1995	The Dig	LucasArts / LucasArts	DOS, Mac	Astronauts discover an abandoned alien civilization.	Unusually serious science fiction and environmental archaeology widened the tonal range of LucasArts adventures.
188	1995	I Have No Mouth, and I Must Scream	Cyberdreams / Cyberdreams	DOS	Five traumatized people face the sadistic AI AM.	A psychological theme and morally burdened branching showed the potential of the adventure for a difficult literary adaptation.
189	1995	MechWarrior 2	Activision / Activision	DOS	BattleMech pilots wage a war of the clans in heavy combat machines.	The combination of mecha systems simulation with 3D action created an iconic PC cockpit experience.
190	1995	Twisted Metal	SingleTrac / Sony	PlayStation	Armed cars destroy one another in the arenas of a sadistic tournament.	It helped create the console vehicular-combat genre and showed the multiplayer potential of the early PS1.
191	1995	Suikoden	Konami / Konami	PlayStation	A young hero builds a rebellion and recruits the 108 Stars of Destiny.	Recruiting dozens of characters and a developing base translate the revolution directly into the progression system.
192	1995	Tactics Ogre	Quest / Quest	Super Famicom	A political civil war branches according to the protagonist's moral decisions.	Height-based tactics, permanent consequences of choices, and political grayness fundamentally influenced Final Fantasy Tactics.
193	1995	Albion	Blue Byte / Blue Byte	DOS	An Earth expedition discovers the living planet Albion, threatened by mining.	It combines 2D towns, first-person dungeons, and ecological sci-fi in an ambitious European RPG.
194	1995	Star Wars: Dark Forces	LucasArts / LucasArts	DOS	Kyle Katarn uncovers the Dark Trooper project.	Layered maps, jumping, crouch, and strong mission design expanded the Doom-like space of that time.
195	1995	Jagged Alliance	Sir-Tech / Sir-Tech	DOS	Mercenaries liberate an island sector by sector.	Individual personalities, finances, and permanent injuries joined squad tactics with management.
196	1995	Worms	Team17 / Ocean	Amiga	Teams of worms destroy their opponents on deformable terrain.	Simple ballistics, random maps, and humor created an extraordinarily durable local multiplayer.
197	1996	Quake	id Software / GT Interactive	DOS	Ranger fights fully 3D gothic dimensions.	A true-3D engine, mouselook, client-server networking, modding, and early esports make it one of the key technical watersheds of the FPS.
198	1996	Duke Nukem 3D	3D Realms / GT Interactive	DOS	Duke saves the Earth in interactive urban locations.	The Build engine enabled mirrors, destruction, and a multitude of usable details; the environment felt like a place, not only a corridor.
199	1996	Super Mario 64	Nintendo EAD / Nintendo	Nintendo 64	Mario freely explores 3D worlds and collects stars.	Analog control, the camera, and levels open in their goals created one of the most fundamental models of movement in 3D.
200	1996	Tomb Raider	Core Design / Eidos	Saturn, PS1, DOS	Lara Croft explores tombs, climbs, and fights creatures.	It transferred precise spatial platforming into polygonal 3D and created a new icon of game culture.
201	1996	Resident Evil	Capcom / Capcom	PlayStation	Members of S.T.A.R.S. survive a mansion full of zombies and laboratory secrets.	Limited ammunition, saving, and fixed cameras popularized survival horror as a clearly recognizable genre.
202	1996	Diablo	Blizzard North / Blizzard	Windows	A hero descends beneath Tristram and fights procedural demonic hordes.	Click-based real-time combat, random loot, and Battle.net created one of the strongest ARPG loops; Retro Gamer ranks it among essential retro titles.
203	1996	Pokémon Red and Green	Game Freak / Nintendo	Game Boy	A trainer catches, trains, and trades monsters on the way to the championship.	The Link Cable turned single-player collecting into a social economy of trade and competition.
204	1996	Civilization II	MicroProse / MicroProse	Windows	A civilization passes through history in a more elaborate turn-based simulation.	An isometric map, scenarios, and editability created a long-lived PC strategy ecosystem.
205	1996	Command & Conquer: Red Alert	Westwood / Virgin	DOS, Windows	An alternate history sets the Allies against the Soviets.	Stronger faction asymmetry, excellent multiplayer, and fast control helped the RTS become a mass online genre.
206	1996	Mario Kart 64	Nintendo EAD / Nintendo	Nintendo 64	Four players race in 3D and use items.	The four-port N64 and battle mode made karting one of the pillars of couch multiplayer.
207	1996	Nights into Dreams	Sonic Team / Sega	Saturn	Nights flies dream circuits and links objects into chains.	Analog curves of movement and scoring according to fluidity created a game more about graceful flight than about a target route.
208	1996	Panzer Dragoon Zwei	Team Andromeda / Sega	Saturn	A dragon rider fights through branching levels with an evolving dragon.	Routes and the development of the dragon gave the linear rail shooter surprising replayability.
209	1996	Crash Bandicoot	Naughty Dog / Sony	PlayStation	Crash advances along narrow 3D tracks against Cortex.	"Corridor 3D" made it possible to preserve the readability of the 2D platformer and, at the same time, to demonstrate the performance of the PS1.
210	1996	Super Mario RPG	Square / Nintendo	SNES	Mario joins forces with Bowser and new characters against Smithy.	Timed hits inserted an active input into turn-based battles and helped create the later Paper Mario/Mario & Luigi tradition.
211	1996	The Elder Scrolls II: Daggerfall	Bethesda / Bethesda	DOS	The player travels the enormous procedural region of Iliac Bay.	Extreme scale, factions, and free character creation represent a radical branch of the computer open-world RPG.
212	1996	Master of Orion II	Simtex / MicroProse	Windows, DOS	An interstellar empire combines colonization, diplomacy, research, and tactical battles.	It substantially expanded the first game and became a long-term comparative measure of space 4X.
213	1996	Heroes of Might and Magic II	NWC / NWC	DOS, Windows	Heroes conquer fantasy maps and develop armies.	Richer factions and a distinctive audiovisual style firmed up the Heroes formula before the third game.
214	1996	Broken Sword	Revolution / Virgin	Windows	American George Stobbart unravels a Templar conspiracy in Europe.	A "serious cartoon" aesthetic and elegant point-and-click UX rank among the peaks of the European adventure.
215	1996	PaRappa the Rapper	NanaOn-Sha / Sony	PlayStation	PaRappa repeats the rhythmic phrases of the teachers in order to gain self-confidence.	One of the games that established the rhythm game as a separate console genre.
216	1996	Terra Nova: Strike Force Centauri	Looking Glass / Looking Glass	DOS	A soldier in power armor leads a unit through extensive outdoor missions.	The combination of squad commands, looser 3D maps, and simulation was a preliminary step toward tactical FPS games.
217	1997	Final Fantasy VII	Square / Square	PlayStation	Cloud and Avalanche face Shinra and Sephiroth on Planet Gaia.	FMV, polygonal presentation, and a big-budget global release substantially widened the Western audience of the JRPG.
218	1997	GoldenEye 007	Rare / Nintendo	Nintendo 64	Bond carries out objective missions and fights in local multiplayer.	Objective missions, stealth elements, and four-player split-screen convincingly established the FPS on the console.
219	1997	Fallout	Interplay / Interplay	DOS, Windows	The Vault Dweller searches for a water chip in post-nuclear California.	SPECIAL, consequences of choices, alternative solutions, and black humor created a new standard of the reactive Western RPG.
220	1997	Ultima Online	Origin / EA	Windows	Thousands of players together inhabit persistent Britannia.	Economy, housing, PvP, and emergent social behavior showed the complications and the possibilities of a truly shared virtual world.
221	1997	Castlevania: Symphony of the Night	Konami / Konami	PlayStation	Alucard explores Dracula's connected castle.	A Metroid structure, RPG equipment, and an inverted castle gave rise to the second pole of the term "metroidvania."
222	1997	Star Fox 64	Nintendo EAD / Nintendo	Nintendo 64	Fox's team defends the Lylat System in a branching campaign.	The Rumble Pak, dynamic radio messages, and branching showed the possibilities of haptics and of a repeated campaign.
223	1997	Gran Turismo	Polyphony Digital / Sony	PlayStation	The player earns licenses, buys cars, and races with extensive tuning.	"Real Driving Simulator" joined car-collecting culture with more serious physics for a mass console audience.
224	1997	Age of Empires	Ensemble / Microsoft	Windows	Civilizations advance through epochs and wage war in antiquity.	It joined a Warcraft-like RTS structure with historical technology and civilizational progression.
225	1997	Dungeon Keeper	Bullfrog / EA	DOS, Windows	The player builds an underground as a villain and lures monsters into it.	It reversed the fantasy perspective and combined indirect control of workers with a direct "possession" mode.
226	1997	Total Annihilation	Cavedog / GT Interactive	Windows	Robots wage war on 3D battlefields with physics-based projectiles.	Large numbers of units, queue commands, terrain/elevation, and streamed resources significantly expanded RTS technique.
227	1997	Myth: The Fallen Lords	Bungie / Bungie	Win, Mac	A small army fights in real-time battles without building bases.	Physics-based projectiles, formations, and persistent units focused the RTS on the tactics of combat itself.
228	1997	Blade Runner	Westwood / Virgin	Windows	Detective Ray McCoy hunts replicants in parallel with the plot of the film.	The changeable identity of suspects and autonomously moving characters create an unusually dynamic detective story.
229	1997	Oddworld: Abe's Oddysee	Oddworld Inhabitants / GT	PlayStation, Windows	Abe rescues Mudokons from the RuptureFarms meat plant.	"Gamespeak" made it possible to communicate with NPCs as part of the puzzle system, and joined grotesque satire with precise platforming.
230	1997	Final Fantasy Tactics	Square / Square	PlayStation	Ramza becomes entangled in the class and religious conflict of Ivalice.	The FF job system joined with isometric height-based tactics and political drama.
231	1997	Carmageddon	Stainless / SCi	DOS, Windows	Races can be won by the track, by destroying opponents, or by a violent sandbox.	Destruction, physics, and looser rules turned the race into an anarchic systemic space.
232	1997	MDK	Shiny / Playmates	Windows	Kurt Hectic fights alien "minecrawlers" in bizarre 3D levels.	Extreme sniper zoom, surrealism, and fast third-person action showed the experimental potential of early 3D.
233	1997	Quake II	id Software / Activision	Windows	A marine attacks the home planet of the Strogg.	Colorful hardware-accelerated 3D, client-server code, and modding firmed up the technical direction of the PC FPS.
234	1997	Grand Theft Auto	DMA Design / BMG	DOS, Windows	A criminal carries out tasks in an open city from a top-down view.	A city sandbox allowing the player to leave a mission and simply experiment with the system laid the foundation of the future GTA.
235	1997	Tekken 3	Namco / Namco	Arcade	A new generation of fighters enters the King of Iron Fist Tournament.	A faster sidestep, animation, and an extraordinarily high-quality PS1 adaptation made it one of the main 3D fighters of the decade.
236	1998	Fallout 2	Black Isle / Interplay	Windows	The Chosen One searches for the GECK in a more extensive post-nuclear California.	Greater systemic interconnection and a multitude of alternative solutions pushed the reactivity of the first Fallout still further.
237	1998	Resident Evil 2	Capcom / Capcom	PlayStation	Leon and Claire survive the catastrophe in Raccoon City.	Two campaigns in A/B variants gave the story parallel perspectives and increased replay value.
238	1998	Banjo-Kazooie	Rare / Nintendo	Nintendo 64	A bear and a bird collect Jiggies in compact thematic worlds.	A two-character moveset and dense levels refined the collectathon branch of Mario 64 design.
239	1998	F-Zero X	Nintendo EAD / Nintendo	Nintendo 64	Thirty futuristic machines race at high speed.	It sacrificed graphic detail for stable speed and an enormous peloton — design subordinated to the readability of movement.
240	1998	Unreal	Epic, Digital Extremes / GT	Windows	A prisoner explores the alien planet Na Pali.	The Unreal Engine, colored lighting, and large outdoor spaces substantially shifted visual expectations of the PC FPS.
241	1998	The Legend of Zelda: Ocarina of Time	Nintendo EAD / Nintendo	Nintendo 64	Link travels through time and saves Hyrule from Ganondorf.	Z-targeting elegantly solved orientation in 3D combat; Nintendo directly documents its origin in Iwata Asks.
242	1998	Half-Life	Valve / Sierra	Windows	Gordon Freeman survives a scientific catastrophe in Black Mesa.	The scenario mostly takes place without the camera being detached from the player; scripted sequences, AI, and a coherent environment fundamentally changed expectations of the FPS. Valve confirms the original release in November 1998.
243	1998	StarCraft	Blizzard / Blizzard	Windows, Mac	The Terrans, the Zerg, and the Protoss wage an asymmetric galactic war.	Three dramatically different yet competitively balanced factions, and Battle.net, helped create a professional RTS culture.
244	1998	Baldur's Gate	BioWare / Interplay	Windows	A child of Bhaal travels the Sword Coast with a party of companions.	The Infinity Engine and "real-time with pause" revived the party CRPG and joined the AD&D system with rich characters.
245	1998	Metal Gear Solid	KCEJ / Konami	PlayStation	Solid Snake infiltrates Shadow Moses and faces FOXHOUND.	Cinematic direction, voice dubbing, stealth rules, and meta-games with the hardware showed new possibilities of console storytelling.
246	1998	Thief: The Dark Project	Looking Glass / Eidos	Windows	Garrett steals in the fantasy-steampunk City and relies on darkness and sound.	Light and acoustics are real systems; stealth here is not a supplement to shooting, but a full-fledged spatial game.
247	1998	Grim Fandango	LucasArts / LucasArts	Windows	Manny Calavera guides the dead through a noir world of Mexican afterlife mythology.	Art direction, dialogue, and cinematic staging represent an artistic peak of the classic LucasArts adventure.
248	1998	Xenogears	Square / Square	PlayStation	Fei uncovers the history of a world full of mecha, religion, and psychology.	Extraordinarily ambitious philosophical themes showed how far a mainstream JRPG can push an authorial narrative.
249	1998	Starsiege: Tribes	Dynamix / Sierra	Windows	Large teams fight in an open landscape with jetpacks.	"Skiing," verticality, and team roles were ahead of later large-scale online shooters.
250	1998	Tom Clancy's Rainbow Six	Red Storm / Red Storm	Windows	A counterterrorist team plans and carries out short, lethal operations.	A pre-mission plan, low durability, and team waypoints introduced a harder tactical alternative to the Quake school.
251	1998	Parasite Eve	Square / Square	PlayStation	Police officer Aya Brea fights a mitochondrial mutation in New York.	JRPG statistics, a survival-horror atmosphere, and real-time movement during ATB combat form an unusual hybrid.
252	1998	Suikoden II	Konami / Konami	PlayStation	Two friends are divided by civil war and political manipulation.	108 recruits, army battles, and personal tragedy create an extraordinarily strong link between macrohistory and RPG characters.
253	1998	Radiant Silvergun	Treasure / Sega	Arcade	A ship uses six combinations of three weapons against choreographed waves.	The weapons are available from the start, and scoring chains from enemy colors turn the shooter into a long-term puzzle discipline.
254	1998	Panzer Dragoon Saga	Team Andromeda / Sega	Saturn	Edge travels on a dragon through a disintegrating world.	Battles that rotate around the opponent carried the spatial system of a rail shooter into an unusual RPG.
255	1998	Dance Dance Revolution	Konami / Konami	Arcade	The player steps on directional panels with their feet in time with the music.	Full-body input turned a music game into a physical social performance.
256	1999	System Shock 2	Looking Glass, Irrational / EA	Windows	A soldier awakens abilities aboard the Von Braun, a ship controlled by hybrids and SHODAN.	RPG builds, a survival-horror economy, and systemic solutions created one of the most influential immersive sims.
257	1999	Planescape: Torment	Black Isle / Interplay	Windows	The immortal Nameless One seeks the reason for his own immortality.	It places identity, memory, and philosophy above loot; dialogue statistics can matter more than combat ones.
258	1999	EverQuest	Verant / Sony	Windows	Players together inhabit the 3D fantasy world of Norrath.	A persistent 3D world, dependence on groups, and raids created the basic model before World of Warcraft.
259	1999	Counter-Strike	Minh Le, Jess Cliffe / mod; later Valve	Windows mod	Terrorists and counter-terrorists fight in short round-based scenarios.	An economy between rounds, the high consequences of death, and a community origin defined one of the most enduring competitive FPS games.
260	1999	Unreal Tournament	Epic, Digital Extremes / GT	Windows	A series of futuristic matches puts multiplayer modes in the foreground.	Bots, maps, and varied modes offered a multiplayer FPS that was complete even without human fellow players.
261	1999	Quake III Arena	id Software / Activision	Win/Linux/Mac	Gladiators compete almost exclusively in fast multiplayer.	By removing the classic campaign, it concentrated design on pure movement and weapon competition.
262	1999	Shenmue	Sega AM2 / Sega	Dreamcast	Ryo Hazuki investigates his father's murder in a detailed Yokosuka.	Daily NPC routines, weather, interactive objects, and the everyday life of the city anticipated the modern open-world "living world."
263	1999	Silent Hill	Team Silent / Konami	PlayStation	Harry Mason searches for his daughter in a foggy town deformed by psychological horror.	The fog turned a technical limitation of visibility into an aesthetic tool and shifted horror from shock toward psychological unease.
264	1998	Soulcalibur	Namco / Namco	Arcade	Fighters with weapons compete around the Soul Edge.	Eight-way movement opened the 3D arena; the 1999 Dreamcast port became extraordinarily famous, but the original was an arcade game.
265	1999	Heroes of Might and Magic III	NWC / 3DO	Windows	Heroes develop a fantasy kingdom and assemble armies on the map.	Extremely readable rules, faction variety, and the map as a puzzle created an exceptionally durable multiplayer strategy.
266	1999	Age of Empires II	Ensemble / Microsoft	Windows	Medieval civilizations build an economy and wage historical campaigns.	Civilization variation, economy micro, and excellent multiplayer created one of the longest-viable classic RTS games.
267	1999	RollerCoaster Tycoon	Chris Sawyer / Hasbro Interactive	Windows	The player builds roller coasters, manages the park, and watches the guests.	Editor-like track construction combines with economic simulation; almost everything runs in extraordinarily efficient simulation code.
268	1999	Homeworld	Relic / Sierra	Windows	The Kushan lead a galactic fleet back to their home planet.	A true three-dimensional strategic space and a persistent fleet between missions have almost no equivalent in RTS.
269	1999	Jagged Alliance 2	Sir-Tech Canada / TalonSoft	Windows	Mercenaries liberate Arulco sector by sector.	Personalities, relationships, ballistics, and an open strategic map create one of the deepest squad simulations.
270	1999	Tony Hawk's Pro Skater	Neversoft / Activision	PlayStation	A skateboarder completes goals and chains tricks into lines.	Two-minute rounds turned skateboarding into a spatial scoring puzzle game.
271	1999	Super Smash Bros.	HAL / Nintendo	Nintendo 64	Nintendo characters try to knock opponents out of the arena.	Damage-percent and ring-out replaced the traditional life bar, giving rise to a new fighting-game subgenre.
272	1999	Crazy Taxi	Hitmaker / Sega	Arcade	A taxi driver ferries passengers through the city against the clock.	An open city, time-based risk-taking, and a punk soundtrack created an intense navigational scoring game.
273	1999	Driver	Reflections / GT Interactive	PlayStation	An undercover police officer completes tasks in automobile cities inspired by 1970s films.	Cinematic driving and open city maps represent an important intermediate step toward 3D GTA.
274	1999	Ape Escape	Japan Studio / Sony	PlayStation	The hero catches monkeys using various gadgets.	The first major title to require the DualShock worked with both analog sticks as the core of the design.
275	1999	Vib-Ribbon	NanaOn-Sha / Sony	PlayStation	A wireframe rabbit overcomes obstacles generated from music.	The game could analyze the user's music CD and create a level from it — an elegant link between an external medium and procedural content.
276	1999	Street Fighter III: 3rd Strike	Capcom / Capcom	Arcade	Precise fighters use parry to neutralize attacks.	Parry shifts defense from passive blocking to a risky timing skill; the title became a long-term competitive canon.
277	1999	Pokémon Gold and Silver	Game Freak / Nintendo	Game Boy Color	A new trainer travels Johto and later the original Kanto as well.	A real-time clock, breeding, and the return of the entire first region dramatically expanded the idea of a handheld sequel.
278	1999	Chrono Cross	Square / Square	PlayStation	Serge travels between two parallel versions of his world.	The element grid, dozens of recruits, and parallel worlds represent a radical rejection of ordinary sequel design.
279	1999	Sid Meier's Alpha Centauri	Firaxis / EA	Windows	Ideological factions colonize the planet Chiron after the fall of the Earth expedition.	Diplomacy built on philosophy, terraforming, and modular units give the Civilization model unusual thematic depth.
280	1999	FreeSpace 2	Volition / Interplay	Windows	A pilot faces a devastating Shivan invasion in large fleet battles.	The scale of capital ships, dynamic orders, and strong moddability represent the peak of the classic PC space combat sim.
281	2000	Deus Ex	Ion Storm / Eidos	Windows	Agent JC Denton uncovers a global conspiracy in a world of biomodifications.	Levels allow stealth, hacking, combat, and social solutions, and they react to the player's unexpected actions; it became the paradigm of the reactive immersive sim.
282	2000	The Sims	Maxis / EA	Windows	The player builds households and guides the everyday lives of virtual people.	Needs, relationships, building, and the absence of a traditional victory expanded the audience for simulations far beyond the traditional gaming demographic.
283	2000	Diablo II	Blizzard North / Blizzard	Windows, Mac	Heroes pursue the Dark Wanderer across several continents.	Skill trees, loot rarity, and long-term online build-crafting created the ARPG standard for the following decade.
284	2000	Baldur's Gate II	BioWare / Interplay	Windows	The Bhaalspawn escapes Irenicus and becomes entangled in a dense web of quests in Athkatla.	Companions, reactive quests, and a large amount of hand-written content rank among the peaks of the party CRPG; PC Gamer still places it in the contemporary PC canon.
285	2000	Thief II: The Metal Age	Looking Glass / Eidos	Windows	Garrett fights a mechanist conspiracy across large infiltration maps.	Even more than the first game, it builds missions around open spaces, sound, shadows, and routes created by the player.
286	2000	Perfect Dark	Rare / Nintendo	Nintendo 64	Agent Joanna Dark uncovers a war of alien corporations.	Bots, co-op, counter-op, and configurable multiplayer extended the console FPS unusually far.
287	2000	Vagrant Story	Square / Square	PlayStation	Ashley Riot explores the cursed city of Leá Monde.	A web of weapon affinities, body-part targeting, and an almost theatrical polygonal direction pushed the PS1 to the edge of its possibilities.
288	2000	Final Fantasy IX	Square / Square	PlayStation	Zidane and Princess Garnet save Gaia from war and an existential threat.	It consciously synthesized motifs of the early Final Fantasy games and at the same time offered extraordinarily mature character work.
289	2000	The Legend of Zelda: Majora's Mask	Nintendo EAD / Nintendo	Nintendo 64	Link repeats a three-day cycle before the Moon's impact on Termina.	The time schedule of dozens of NPCs turns the world into a clockwork mechanism that the player learns through repetition.
290	2000	Jet Set Radio	Smilebit / Sega	Dreamcast	A gang of skaters tags Tokyo-to and escapes the police.	Cel shading, movement on skates, and musical identity created one of the first truly distinctive styles of the polygonal era.
291	2000	Tony Hawk's Pro Skater 2	Neversoft / Activision	PlayStation	Skateboarders complete goals and string together ever-longer combos.	The manual linked tricks into long lines, turning entire levels into optimization scoring circuits.
292	2000	SSX	EA Canada / EA	PlayStation 2	Snowboarders race exaggerated tracks full of tricks.	A technical PS2 launch showcase at the same time created a strong model of stylized "extreme sports" design.
293	2000	Shogun: Total War	Creative Assembly / EA	Windows	A Japanese daimyo leads a turn-based empire and real-time armies.	The split into a strategic map and giant tactical battles established the Total War formula.
294	2001	Halo: Combat Evolved	Bungie / Microsoft	Xbox	Master Chief defends humanity on the ring world Halo.	Two weapons, a regenerating shield, vehicles, and dual-stick controls stabilized the modern console FPS.
295	2001	Grand Theft Auto III	DMA/Rockstar North / Rockstar	PlayStation 2	The criminal Claude rises through the underworld of Liberty City.	Transferring the GTA sandbox into a continuous 3D city created the dominant template of modern open-world action.
296	2001	Metal Gear Solid 2	Konami / Konami	PlayStation 2	The mission on the tanker and the Big Shell shatters the player's expectations and the protagonist's identity.	It manipulates sequel expectations, information control, and the player's very relationship to the avatar; thematically it anticipated online disinformation.
297	2001	Silent Hill 2	Team Silent / Konami	PlayStation 2	James Sunderland searches for his dead wife in Silent Hill.	Monsters and the environment externalize the protagonist's psyche; the horror is less about lore than about guilt, denial, and interpretation.
298	2001	Ico	Team Ico / Sony	PlayStation 2	The boy Ico leads Yorda out of an abandoned castle.	Holding hands is at once control, a relationship, and a visual metaphor; the minimalism influenced an entire generation of authors.
299	2001	Super Smash Bros. Melee	HAL / Nintendo	GameCube	The Nintendo roster competes in a faster and more technical Smash system.	Unplanned movement techniques, especially wavedashing, helped create an extraordinarily long grassroots competitive scene.
300	2001	Max Payne	Remedy / Gathering	Windows	Police officer Max takes revenge in noir New York.	Bullet time translated cinematic slow motion into a directly controllable tactical resource.
301	2001	Black & White	Lionhead / EA	Windows	A deity raises a giant creature and influences villages through good or fear.	Creature AI learns from the player's rewarding and punishing; the interface tries to minimize traditional menus.
302	2001	Advance Wars	Intelligent Systems / Nintendo	GBA	Colorful armies fight on compact maps governed by Commanding Officers.	Extremely readable unit relationships showed that deep tactics can work perfectly in a handheld format.
303	2001	Devil May Cry	Capcom / Capcom	PlayStation 2	Dante fights through a gothic castle with a combination of sword and firearms.	A style rating turned efficient combat into an expressive performance and founded the modern character-action school.
304	2001	Final Fantasy X	Square / Square	PlayStation 2	Tidus accompanies Yuna on a pilgrimage against Sin.	Full voice acting and the ability to change party members on the fly modernized the big-budget JRPG; in a historical reader poll, Famitsu placed it at the top.
305	2001	Rez	United Game Artists / Sega	Dreamcast, PS2	The player hacks an abstract network synchronized with the music.	Shooting, vibration, sound, and image are bound into a synesthetic feedback loop.
306	2001	Pikmin	Nintendo EAD / Nintendo	GameCube	Olimar commands tiny Pikmin while collecting parts of a spaceship.	Indirect control of a crowd and a daily limit recast cute action as spatial logistics.
307	2002	Metroid Prime	Retro Studios / Nintendo	GameCube	Samus explores Tallon IV from a first-person perspective.	The transfer of Metroid into 3D preserved ability-based exploration; the scan visor turned looking itself into an investigative tool.
308	2002	The Elder Scrolls III: Morrowind	Bethesda / Bethesda	Windows	A stranger on Vvardenfell can follow the prophecy or freely join factions.	A hand-crafted culture, an open build system, and the possibility of almost completely ignoring the main story defined the Bethesda sandbox.
309	2002	Battlefield 1942	DICE / EA	Windows	Large teams fight on land, at sea, and in the air.	Infantry and directly controllable vehicles on vast conquest maps established Battlefield's character.
310	2002	Grand Theft Auto: Vice City	Rockstar North / Rockstar	PlayStation 2	Tommy Vercetti builds a criminal empire in a stylized 1980s.	Music radio stations, period fashion, and the city created an open world as a cultural time capsule.
311	2002	Splinter Cell	Ubisoft Montreal / Ubisoft	Xbox	Sam Fisher carries out secret infiltration operations.	Dynamic light and visibility were the technical and mechanical center of the stealth.
312	2002	Warcraft III	Blizzard / Blizzard	Windows, Mac	Four factions fight in a fantasy war with hero units.	RPG heroes and easy custom maps led, among other things, to user mods from whose tradition MOBAs grew.
313	2002	Neverwinter Nights (BioWare)	BioWare / Infogrames	Windows	A D&D adventure is accompanied by tools for creating one's own campaigns.	The Aurora Toolset and the Dungeon Master client turned the game into a platform for user-made RPG modules.
314	2002	Kingdom Hearts	Square / Square	PlayStation 2	Sora travels Disney worlds alongside Donald and Goofy.	An unlikely joining of Disney and Final Fantasy showed the power of a transmedia crossover RPG.
315	2002	Super Mario Sunshine	Nintendo EAD / Nintendo	GameCube	Mario cleans Delfino Island using the water device FLUDD.	The water jetpack fundamentally changes the acceleration and aerial correction of classic Mario movement.
316	2002	Eternal Darkness	Silicon Knights / Nintendo	GameCube	Characters across the centuries face ancient beings.	"Sanity effects" deliberately simulate failures of the television, the controller, or the game and attack the player's trust in the interface.
317	2002	Mafia	Illusion Softworks / Gathering	Windows	Taxi driver Tommy Angelo becomes a gangster in Lost Heaven.	More realistic traffic, police, and a slower pace offered a philosophy of the urban open world opposite to GTA.
318	2002	The Legend of Zelda: The Wind Waker	Nintendo EAD / Nintendo	GameCube	Link sails a flooded Hyrule between islands.	Cel-shading ages extraordinarily well, and the open sea gives the classic dungeon structure a spatial contrast.
319	2002	Steel Battalion	Capcom / Capcom	Xbox	A pilot controls a heavy mech through a specialized giant controller.	One of the most radical examples of software designed around a unique physical interface.
320	2003	Star Wars: Knights of the Old Republic	BioWare / LucasArts	Xbox	The player decides the fate of the galaxy thousands of years before the films.	Alignment, companions, and cinematic dialogue convincingly carried the BioWare CRPG model onto the console.
321	2003	Prince of Persia: The Sands of Time	Ubisoft Montreal / Ubisoft	PS2, Xbox, GC	The Prince uses the Dagger of Time while escaping a cursed palace.	"Rewind" elegantly removes the frustration of 3D acrobatics and is at the same time part of the fiction and the puzzle design.
322	2003	Beyond Good & Evil	Ubisoft Montpellier / Ubisoft	PS2 et al.	Reporter Jade uses photographs to expose the propaganda of an alien occupation.	Photography serves at once as a narrative act, a collectible mechanic, and an economic system.
323	2003	Viewtiful Joe	Capcom / Capcom	GameCube	Joe enters a film world and controls slow/fast effects.	Film tempo becomes a mechanic of combat and of puzzles; cel-shading underscores the meta-cinematic identity.
324	2003	F-Zero GX	Amusement Vision / Nintendo	GameCube	Antigravity machines race at extreme speed on spatial tracks.	60fps speed, precise physics, and hard difficulty are the peak of pure futuristic racing.
325	2003	Call of Duty	Infinity Ward / Activision	Windows	Soldiers of several armies pass through cinematically staged battles of the Second World War.	AI comrades and a dense scripted battlefield shifted the FPS from a lone super-soldier toward the illusion of mass war.
326	2003	EVE Online	CCP / CCP	Windows	Players build an economy, alliances, and wars in a persistent galaxy.	The market, politics, and territorial conflict are largely player-driven; social structures become the main content.
327	2003	Star Wars Galaxies	Sony Online / LucasArts	Windows	Players live various professions in a persistent Star Wars world.	The original skill-based professions, crafting, and player cities represented an extraordinarily sandbox-like MMO model.
328	2003	WarioWare, Inc.	Nintendo R&D1 / Nintendo	GBA	Hundreds of tasks lasting a few seconds require immediate understanding of a verb.	A radical compression of both the tutorial and the game: the player must grasp the rule within seconds.
329	2003	Disgaea	Nippon Ichi / NIS	PlayStation 2	The demon Laharl fights through an absurd Netherworld.	Deliberately exaggerated levels, damage numbers, and resettable Item World progression make grinding itself the game.
330	2003	PlanetSide	Sony Online / SOE	Windows	Hundreds of players fight over continents in a persistent war.	It demonstrated MMO scale for a first-person shooter long before modern "massive battle" games.
331	2003	TrackMania	Nadeo / Focus	Windows	Players drive short tracks and build their own.	Instant restart, ghost opponents, and an editor turn racing into an iterative time-trial puzzle system.
332	2003	Project Gotham Racing 2	Bizarre Creations / Microsoft	Xbox	The player combines speed with "Kudos" for stylish driving.	It scores not only the result but the manner of driving; Xbox Live online integration was extraordinarily strong on consoles.
333	2004	Half-Life 2	Valve / Valve, Vivendi	Windows	Gordon Freeman helps the resistance against the Combine in City 17.	Havok/Source physics is not only spectacle but a puzzle and combat tool; the game also belonged among the essential titles of early Steam.
334	2004	World of Warcraft	Blizzard / Blizzard	Win, Mac	Players create heroes in persistent Azeroth.	It made the MMO accessible through clear quests, fast response, and strong art direction, and it became the reference point of the genre.
335	2004	Grand Theft Auto: San Andreas	Rockstar North / Rockstar	PlayStation 2	CJ returns to Los Santos and travels the vast state of San Andreas.	Three cities, the countryside, RPG statistics, and a quantity of side activities maximized the sandbox breadth of the PS2 era.
336	2004	Halo 2	Bungie / Microsoft	Xbox	Master Chief and the Arbiter follow the Covenant war from opposing perspectives.	Matchmaking and the Xbox Live party system became the model of console online multiplayer.
337	2004	Metal Gear Solid 3	Konami / Konami	PlayStation 2	Naked Snake survives the jungle during the Cold War.	The camouflage index, treatment of wounds, and survival systems give stealth an ecological dimension.
338	2004	Katamari Damacy	Namco / Namco	PlayStation 2	The Prince rolls a sticky ball that grows by picking up objects.	A single absurdly simple system dramatically changes the scale of the world and makes progression immediately physically visible.
339	2004	Burnout 3: Takedown	Criterion / EA	PS2, Xbox	Players race aggressively and deliberately knock opponents out.	Takedown turns contact from a mistake into a rewarded strategy, overturning traditional racing etiquette.
340	2004	Ninja Gaiden (Xbox)	Team Ninja / Tecmo	Xbox	Ryu Hayabusa eliminates enemies with extremely fast 3D combat.	Defense, mobility, and aggressive AI created an extraordinarily demanding "combat sandbox."
341	2004	Far Cry	Crytek / Ubisoft	Windows	Jack Carver fights on a tropical archipelago.	Large outdoor visibility and multiple approach paths showed an alternative to scripted FPS corridors.
342	2004	Vampire: The Masquerade – Bloodlines	Troika / Activision	Windows	A vampire navigates the Los Angeles politics of several clans.	Clan dramatically changes both dialogue and the way of playing; reactive quests preserved the immersive-sim spirit despite technical problems.
343	2004	The Chronicles of Riddick: Escape from Butcher Bay	Starbreeze / Vivendi	Xbox	Riddick plans an escape from a futuristic prison.	It naturally combines stealth, melee, shooting, and social spaces; a licensed game surprisingly surpassed expectations of film adaptations.
344	2004	Rome: Total War	Creative Assembly / Activision	Windows	A Roman family conquers the Mediterranean in a turn-based campaign and real-time battles.	Large-scale 3D armies gave the Total War formula visual readability and mass appeal.
345	2004	Cave Story	Daisuke Amaya / freeware	Windows	An amnesiac robot explores a floating island full of rabbits and mutants.	An almost solo freeware project demonstrated the viability of independent retro aesthetics even before the indie boom of digital stores.
346	2005	Resident Evil 4	Capcom / Capcom	GameCube	Leon saves the president's daughter in a Spanish village attacked by Las Plagas.	An over-the-shoulder camera, contextual action, and controlled crowd encounters created the foundation of the modern TPS.
347	2005	Shadow of the Colossus	Team Ico / Sony	PlayStation 2	Wander kills sixteen giant colossi in order to resurrect Mono.	Each boss is at once a landscape, a puzzle, and a tragic character; removing ordinary enemies gives every encounter monumental weight.
348	2005	God of War	Santa Monica Studio / Sony	PlayStation 2	Kratos takes revenge on Ares, the god of war.	A seamless camera, brutality, crowd control, and cinematic set-pieces set the model of big-budget PS2 action.
349	2005	Guitar Hero	Harmonix / RedOctane	PlayStation 2	A plastic guitar converts rock songs into five-fret rhythmic sequences.	A specialized controller let a layperson performatively "play" music and launched a huge boom in music peripherals.
350	2005	Psychonauts	Double Fine / Majesco	Xbox, PS2, Win	Raz enters the minds of others and solves their psychological worlds.	Level design is not only an environment; it visualizes the personality, trauma, or illness of a specific character.
351	2005	F.E.A.R.	Monolith / Vivendi	Windows	A special team fights a telepathic commander and the paranormal Alma.	Highly dynamic squad AI, time slowdown, and horror direction created exceptionally physical firefights.
352	2005	Splinter Cell: Chaos Theory	Ubisoft Montreal / Ubisoft	Xbox, Win et al.	Sam Fisher infiltrates international targets during an information crisis.	Light, noise, multiple routes, and co-op campaigns represent one of the peaks of pure stealth level design.
353	2005	Civilization IV	Firaxis / 2K	Windows	Civilizations compete militarily, culturally, technologically, and diplomatically.	Civics and Great People expanded strategy without a loss of readability; Leonard Nimoy and "Baba Yetu" underlined the production ambition.
354	2005	Guild Wars	ArenaNet / NCsoft	Windows	Players combine a limited set of skills in instanced adventures and PvP.	An eight-skill "deck" shifts decision-making from grinding to build construction; the game also rejected a monthly subscription.
355	2005	Forza Motorsport	Turn 10 / Microsoft	Xbox	A vast fleet of cars races with physics and tuning.	It created a console sim-racing counterweight to Gran Turismo and a long-term Xbox technology showcase.
356	2005	Battlefield 2	DICE / EA	Windows	Modern armies fight with vehicles and classes on large maps.	The squad leader/commander structure created a hierarchy of team cooperation without requiring a full milsim.
357	2005	SWAT 4	Irrational / Vivendi	Windows	A SWAT team secures dangerous locations with an emphasis on rules for the use of force.	The best result often means not killing the opponent; the shooter thus mechanically rewards de-escalation and procedure.
358	2005	Killer7	Grasshopper / Capcom	GameCube, PS2	Harman Smith uses seven personas to fight the Heaven Smiles.	Restricted movement, radical graphics, and politically fragmentary storytelling reject the ordinary conventions of 3D action.
359	2006	Wii Sports	Nintendo EAD / Nintendo	Wii	Tennis, bowling, and other sports are controlled by the movement of the Wii Remote.	A gesture instead of an abstract button drastically lowered the barrier to entry and demonstrated the mass potential of motion controls.
360	2006	Gears of War	Epic / Microsoft	Xbox 360	Marcus Fenix fights the Locust with cover and heavy weapons.	"Sticky cover," the roadie run, and the pronounced weight of the animations standardized the cover TPS for an entire generation.
361	2006	Ōkami	Clover / Capcom	PlayStation 2	The goddess Amaterasu restores life in Japan with a brush.	The Celestial Brush lets you draw interventions directly into the world and links sumi-e aesthetics with mechanics.
362	2006	The Elder Scrolls IV: Oblivion	Bethesda / 2K	Win, Xbox 360	The player closes the gates of Oblivion in the province of Cyrodiil.	Radiant AI and a fully voiced open world represented Bethesda's fundamental transition toward the modern mass sandbox.
363	2006	The Legend of Zelda: Twilight Princess	Nintendo EAD / Nintendo	Wii, GameCube	Link alternates between human and wolf form while fighting the Twilight Realm.	It carried traditional Zelda dungeon design to extraordinary spatial complexity and at the same time brought the series to the Wii.
364	2006	Company of Heroes	Relic / THQ	Windows	Small units fight over territorial points on destructive battlefields of the Second World War.	Cover, suppression, flanking, and deformation of the map shifted RTS from counting armies to terrain tactics.
365	2006	Bully	Rockstar Vancouver / Rockstar	PlayStation 2	Jimmy Hopkins survives a school year at Bullworth Academy.	A class schedule and a small-town school show that a GTA-like structure can work without an automotive metropolis.
366	2006	Dead Rising	Capcom / Capcom	Xbox 360	Photographer Frank West survives three days in a shopping mall full of zombies.	Hundreds of simultaneous enemies, a time schedule, and almost any object as a weapon create a systemic grotesque.
367	2006	Hitman: Blood Money	IO Interactive / Eidos	Win, PS2, Xbox, X360	Agent 47 solves open assassinations using disguises and staged accidents.	Levels function as a "clockwork sandbox" in which one can watch routines and create an elegant plan of one's own.
368	2006	Test Drive Unlimited	Eden / Atari	Xbox 360	The player drives across a vast Hawaiian island with other online drivers.	It naturally linked open-world driving with a persistent online presence — an early "massively open online racing."
369	2006	Elite Beat Agents	iNiS / Nintendo	Nintendo DS	Agents encourage people by rhythmic tapping and dragging of the stylus.	The DS touchscreen converted musical rhythm into spatial strokes and circles instead of traditional buttons.
370	2006	Final Fantasy XII	Square Enix / Square Enix	PlayStation 2	A group of heroes becomes entangled in the politics of occupied Ivalice.	The Gambit system lets you program the party's conditional behavior, turning AI management into the gameplay itself.
371	2006	Dwarf Fortress	Bay 12 Games	Windows	The player manages a dwarf colony in a procedurally created world with a deep history.	Extreme simulation of materials, organisms, and history generates stories without a prewritten scenario; PC Gamer still ranks it among the absolute top of the PC canon.
372	2007	BioShock	Irrational / 2K	Xbox 360, Win	Jack discovers the underwater city of Rapture and its ruined objectivist experiment.	Plasmids, the environment, and the motif "Would you kindly" thematize the player's own obedience to the game's assignment.
373	2007	Portal	Valve / Valve	Win, Xbox 360	Chell solves test rooms using a pair of linked portals.	A single consistent spatial mechanism generates physics puzzles, humor, and an unforgettable relationship with GLaDOS.
374	2007	Team Fortress 2	Valve / Valve	Win, Xbox 360	Two teams of distinctive classes complete objective maps.	Silhouettes, colors, and comic personalities join mechanical readability with character; over the long term it influenced hero and team shooters.
375	2007	Call of Duty 4: Modern Warfare	Infinity Ward / Activision	Win, PS3, X360	Modern special units face terrorism and civil war.	RPG-like multiplayer progression, killstreaks, and a short cinematic campaign created the dominant FPS model of its generation.
376	2007	Super Mario Galaxy	Nintendo EAD Tokyo / Nintendo	Wii	Mario jumps between small planets with their own gravity.	Variable gravity made it possible to rediscover the basic jump in locally curved 3D spaces.
377	2007	Mass Effect	BioWare / Microsoft	Xbox 360	Commander Shepard investigates the Reaper threat in a galactic community.	The dialogue wheel and importable choices prepared a model of cinematic RPG whose consequences were meant to carry between installments.
378	2007	Crysis	Crytek / EA	Windows	A nanosuit soldier faces the North Korean army and aliens.	The suit supports speed, strength, armor, and cloak, so open encounters can be solved in different styles; technically it became a PC benchmark.
379	2007	S.T.A.L.K.E.R.: Shadow of Chernobyl	GSC Game World / THQ	Windows	A stalker explores the anomalous Zone around Chernobyl.	A-Life simulation, unpredictable clashes, and physical inhospitality create a world that does not feel fully subordinate to the player.
380	2007	The Witcher	CD Projekt Red / Atari	Windows	Geralt of Rivia resolves political and moral conflicts after losing his memory.	Often deliberately delayed consequences of choices undermine easy "good/evil" decision-making.
381	2007	Rock Band	Harmonix / MTV Games	X360, PS3	Guitar, bass, drums, and vocals form a shared home band.	It expanded the Guitar Hero concept into a cooperative musical performance by an entire group.
382	2007	Halo 3	Bungie / Microsoft	Xbox 360	Master Chief brings the war with the Covenant and the Flood to a close.	Forge, Theatre, and file sharing turned a console FPS into a community platform for creating and sharing moments.
383	2007	Skate	EA Black Box / EA	X360, PS3	A skateboarder uses the analog sticks to perform tricks.	"Flick-it" maps the movement of the fingers onto the movement of the board and replaces Tony Hawk's abstract combinations with a more analog gesture.
384	2007	Peggle	PopCap / PopCap	Windows	The player shoots balls into a field of pegs and tries to remove the orange ones.	A mix of physics, chance, planning, and an exaggerated celebration of success is a demonstration of extraordinarily refined casual UX.
385	2008	Grand Theft Auto IV	Rockstar North / Rockstar	PS3, X360	The immigrant Niko Bellic seeks a new life in Liberty City.	Euphoria animation and a physically dense city moved open-world interactions toward a greater feeling of weight and consequence.
386	2008	Fallout 3	Bethesda / Bethesda	Win, PS3, X360	A Vault Dweller searches for his father in the ruins of Washington.	It joined the world and choices of Fallout with the first-person sandbox structure of The Elder Scrolls; V.A.T.S. reconciled a statistical RPG with a shooter.
387	2008	Left 4 Dead	Valve / Valve	Win, X360	Four survivors advance through zombies across cinematically structured campaigns.	The AI Director adjusts pressure and the placement of threats according to the course of the game, dynamically "directing" the pace.
388	2008	Mirror's Edge	DICE / EA	PS3, X360	Courier Faith flees the city by means of parkour.	A first-person body and momentum prove that the FPS view can serve precise movement instead of shooting.
389	2008	Dead Space	EA Redwood Shores / EA	PS3, X360, Win	Engineer Isaac Clarke survives the USG Ishimura, which is full of Necromorphs.	A diegetic UI and the strategic shooting-off of limbs connect horror presentation directly with mechanics.
390	2008	LittleBigPlanet	Media Molecule / Sony	PlayStation 3	Sackboy passes through physics levels that can also be built and shared.	"Play, Create, Share" made user creation a fundamental pillar of a mainstream console game.
391	2008	Spore	Maxis / EA	Win, Mac	The player leads an organism from a cell to an interstellar civilization.	Procedural animation let user-created creatures walk and function automatically; the ambition extended beyond individual genres.
392	2008	Braid	Number None / Microsoft	Xbox 360	Tim searches for the princess in levels that manipulate time.	Each world redefines the rule of time; commercial success on XBLA became one of the symbols of the modern indie wave.
393	2008	World of Goo	2D Boy / 2D Boy	Win, Wii	Sticky balls form unstable constructions heading toward a pipe.	Physics is at once a building tool, the difficulty, and comic animation — an example of an elegant unity of form.
394	2008	Burnout Paradise	Criterion / EA	PS3, X360	Paradise City joins races and crashes in an open road network.	It removed the traditional race menu: an event starts directly at an intersection, and the city functions as the central interface.
395	2008	Sins of a Solar Empire	Ironclad / Stardock	Windows	Empires expand through planetary systems in real time.	4X macroeconomics works without turns and without the classic separation of a strategic and a tactical layer.
396	2008	Persona 4	Atlus / Atlus	PlayStation 2	Students investigate murders and at the same time live everyday school life.	The calendar, social links, and dungeon combat make time management as important a resource as HP or money.
397	2008	Far Cry 2	Ubisoft Montreal / Ubisoft	Win, PS3, X360	A mercenary hunts an arms dealer in a fictional African war.	Fire, weapon malfunctions, malaria, and minimal scripting create a "frictional" systemic world instead of a comfortable power fantasy.
398	2009	Demon's Souls	FromSoftware / Sony	PlayStation 3	A demon slayer penetrates cursed Boletaria and repeatedly risks the souls collected.	Bloodstains, player messages, and invasions created an unusual asynchronously linked single-player and multiplayer, and the foundation of soulslike design.
399	2009	Batman: Arkham Asylum	Rocksteady / Eidos	PS3, X360	Batman faces the Joker in the enclosed Arkham Asylum.	Freeflow Combat and Predator encounters created two extraordinarily imitated models of superhero action.
400	2009	Uncharted 2	Naughty Dog / Sony	PlayStation 3	Nathan Drake searches for Shambhala in a global pulp adventure.	A set-piece can change the geometry directly during play; the game markedly advanced the fluid joining of film and controllable action.
401	2009	Assassin's Creed II	Ubisoft Montreal / Ubisoft	PS3, X360	Ezio Auditore becomes an assassin in Renaissance Italy.	Urban parkour, an economy, and the long-term development of a charismatic protagonist dramatically repaired the shortcomings of the first game.
402	2009	Dragon Age: Origins	BioWare / EA	Win, PS3, X360	A Grey Warden unites Ferelden against the Darkspawn.	Six distinct "origin" introductions give race and class a narrative history to which the game later returns.
403	2009	Left 4 Dead 2	Valve / Valve	Win, X360	A foursome of survivors travels the American South during a zombie catastrophe.	Melee, new Special Infected, and a more variable Director expanded cooperation without diluting the simple team structure.
404	2009	Torchlight	Runic / Runic	Windows	A hero descends into the mines under the town of Torchlight and collects loot.	A compact, fast modernization of the Diablo model by veterans of the genre showed the viability of a smaller digital ARPG.
405	2009	League of Legends	Riot / Riot	Windows	Two five-member teams of heroes destroy the opponent's base.	A free-to-play live-service model, regular updates, and esports fundamentally transformed the structure of the PC multiplayer market.
406	2009	Plants vs. Zombies	PopCap / PopCap	Win, Mac	Plants in rows defend a house against zombies with various traits.	Extreme visual readability and the gradual dosing of new combinations are a textbook example of accessible systemic design.
407	2009	Borderlands	Gearbox / 2K	PS3, X360, Win	Vault Hunters search for an alien treasure on Pandora.	Procedural weapons joined the Diablo loot loop with an FPS and created a mass "looter shooter."
408	2009	Bayonetta	PlatinumGames / Sega	PS3, X360	The witch Bayonetta fights angels with extravagant combos.	Dodge-offset and Witch Time reward risky aggression and the preservation of a combo across dodges.
409	2009	Flower	thatgamecompany / Sony	PlayStation 3	The wind carries petals across the landscape and awakens plants.	Motion control and an almost complete absence of text showed a mainstream audience a contemplative alternative to traditional challenge.
410	2009	Red Faction: Guerrilla	Volition / THQ	PS3, X360	A rebel destroys EDF infrastructure on Mars.	Geo-Mod 2.0 allows structurally readable destruction of buildings, so demolition is not only an effect but a solution to a problem.
411	2010	Mass Effect 2	BioWare / EA	Xbox 360, Win	Shepard assembles a team for a suicide mission against the Collectors.	Loyalty missions and a finale that mechanically accounts for previous relationships and preparations are an extraordinary example of long-term narrative payoff.
412	2010	Red Dead Redemption	Rockstar San Diego / Rockstar	PS3, X360	John Marston hunts former gang members at the end of the American Wild West.	It uses the open-world structure for the theme of the frontier's end and for the contrast between player freedom and an inevitable fate.
413	2010	Super Mario Galaxy 2	Nintendo EAD Tokyo / Nintendo	Wii	Mario passes through an even denser collection of gravitational planets and ideas.	Almost every level develops its own mechanic and quickly abandons it; an example of extraordinary design "density."
414	2010	StarCraft II: Wings of Liberty	Blizzard / Blizzard	Win, Mac	Jim Raynor leads the Terrans against the Dominion and the Zerg.	It modernized precise asymmetric RTS and at the same time strengthened the competitive ladder, replays, and observer tools.
415	2010	Civilization V	Firaxis / 2K	Windows	Civilizations compete on a hex map with one military unit per tile.	Hexes and one-unit-per-tile shift war from "stacks of doom" toward spatial tactics.
416	2010	Fallout: New Vegas	Obsidian / Bethesda	Win, PS3, X360	The Courier influences the fight for Hoover Dam among several factions.	Faction reputation, skill checks, and several politically incompatible solutions create an extraordinarily reactive RPG.
417	2010	Amnesia: The Dark Descent	Frictional / Frictional	Win, Mac, Linux	Defenseless Daniel flees a castle from monsters and from his own past.	Restricting direct combat and the psychological reaction to looking at a monster helped launch the modern first-person horror wave.
418	2011	Dark Souls	FromSoftware / Namco Bandai	PS3, X360	The cursed Undead passes through interconnected Lordran and seeks the meaning of the cycle of fire.	Precise stamina combat, death as a learning process, shortcuts, and fragmentary lore created a new dominant design language.
419	2011	The Elder Scrolls V: Skyrim	Bethesda / Bethesda	Win, PS3, X360	The Dragonborn freely wanders a northern province struck by war and the return of dragons.	An extremely accessible sandbox and an extensive modding culture made the open RPG a global mainstream.
420	2011	Portal 2	Valve / Valve	Win, Mac, PS3, X360	Chell passes through the history of Aperture Science and faces GLaDOS again.	Gels, lasers, and momentum expand the portal system; a separate co-op campaign creates puzzles that require four portals.
421	2011	Minecraft	Mojang / Mojang	Java PC	The player mines blocks, builds, and survives in a procedural world.	A voxel world is at once a raw material, geometry, and a creative medium; the game joined survival, UGC, servers, and educational creativity.
422	2011	Deus Ex: Human Revolution	Eidos Montréal / Square Enix	Win, PS3, X360	Adam Jensen investigates an attack on a company concerned with augmentations.	Approach paths, hacking, stealth, and social augmentation successfully renewed the Deus Ex tradition for the modern console era.
423	2011	Bastion	Supergiant / Warner	Xbox 360	The Kid restores a world broken by the Calamity.	A narrator reacting almost in real time to the player's actions makes commentary part of dynamic feedback.
424	2011	Terraria	Re-Logic / Re-Logic	Windows	The player mines, builds, and fights in a procedural 2D world.	It joins Minecraft-like material freedom with bosses, equipment, and a long action-RPG progression.
425	2012	XCOM: Enemy Unknown	Firaxis / 2K	Win, PS3, X360	XCOM defends Earth in turn-based missions and manages a global base.	It reduced the original complexity to two actions, a cover system, and readable probabilities, without losing permanent losses.
426	2012	Dishonored	Arkane / Bethesda	Win, PS3, X360	Corvo takes revenge in Dunwall by means of stealth, magic, and violence.	The Blink teleport, verticality, and combinable systems let the player improvise a solution instead of following an intended route.
427	2012	Journey	thatgamecompany / Sony	PlayStation 3	A nameless pilgrim heads across the desert toward a mountain.	An anonymous drop-in companion cannot speak; simple sounds and movement create surprisingly strong nonverbal cooperation.
428	2012	Hotline Miami	Dennaton / Devolver	Windows	A masked killer completes brutal missions in a hallucinogenic Miami.	Instant restart changes death from a punishment into a rhythm of iteration; the violence is at once intoxicating and thematically unsettling.
429	2012	FTL: Faster Than Light	Subset Games / Subset	Win, Mac, Linux	A ship's crew flees across a random galaxy ahead of the Rebel fleet.	Pausable real-time management of individual systems creates emergent crisis stories from a small number of rules.
430	2012	The Walking Dead	Telltale / Telltale	multiplatform	Lee protects Clementine during a zombie apocalypse.	Timed dialogue choices and the illusion of a long-term memory of relationships helped create the modern episodic narrative game.
431	2012	Crusader Kings II	Paradox / Paradox	Windows	The player does not rule a state, but a dynasty of medieval nobles.	Inheritance, personality, marriages, and intrigues generate "stories" from grand-strategy systems without a scripted protagonist.
432	2013	Grand Theft Auto V	Rockstar North / Rockstar	PS3, X360	Michael, Franklin, and Trevor plan heists in Los Santos.	Switching among three protagonists gives missions parallel perspectives; GTA Online later expanded the city into a long-term service.
433	2013	The Last of Us	Naughty Dog / Sony	PlayStation 3	Joel guides Ellie through post-pandemic America.	Performance capture, environmental storytelling, and mechanical vulnerability strengthened the ambition of big-budget character drama.
434	2013	Papers, Please	Lucas Pope / 3909	Windows, Mac	A border official checks documents and decides the fates of migrants.	The routine interface is an ethical system: speed, family income, regulations, and compassion come into direct conflict.
435	2013	Gone Home	Fullbright / Fullbright	Win, Mac, Linux	A girl returns to an empty family house and assembles a story from objects.	It showed that detailed searching of a space without combat can itself carry a full dramatic structure.
436	2013	Dota 2	Valve / Valve	Win, Mac, Linux	Two teams of five heroes fight for the Ancient.	Enormous depth of interaction, an economy, and an esports ecosystem helped the MOBA become a globally dominant competitive form.
437	2013	The Stanley Parable	Galactic Cafe	Windows	A narrator describes Stanley's expected steps, which the player can disobey.	It uses choice, obedience, and "branching" not only as a story but as a satire of game design itself.
438	2013	Brothers: A Tale of Two Sons	Starbreeze / 505	Xbox 360, Win	Two brothers search for a cure for their sick father.	Each analog stick controls a different brother; a change in this mechanic at the end gains a strong narrative meaning.
439	2014	Alien: Isolation	Creative Assembly / Sega	multiplatform	Amanda Ripley survives a space station while pursued by a Xenomorph.	The Xenomorph is not a rigidly scripted jump-scare machine; a combination of AI layers creates constant uncertainty.
440	2014	Bayonetta 2	PlatinumGames / Nintendo	Wii U	Bayonetta fights through angelic and demonic worlds to save Jeanne.	It tuned Witch Time, weapon switching, and the spectacle of the first game into an extraordinarily pure action system.
441	2014	Hearthstone	Blizzard / Blizzard	Win, Mac, iPad	Players build decks from Warcraft cards and compete in fast duels.	The digital medium allows random and dynamic effects that are hard to achieve with physical cards; the UX dramatically lowered the barrier of the CCG.
442	2014	Middle-earth: Shadow of Mordor	Monolith / Warner	multiplatform	Talion hunts orc captains in Mordor.	The Nemesis System gives enemies names, relationships, memory, and promotion, so the player's failure generates new personal rivalries.
443	2014	Mario Kart 8	Nintendo EAD / Nintendo	Wii U	The Mario roster races on gravity-inverted tracks.	Anti-gravity tracks and extreme visual readability represent a mature synthesis of a karting formula two decades old.
444	2014	Divinity: Original Sin	Larian / Larian	Windows	A pair of Source Hunters investigates magical crimes in Rivellon.	Elements such as oil, fire, water, and electricity create a combinatorial tactical system and prepared the way to BG3.
445	2014	This War of Mine	11 bit / 11 bit	Win, Mac, Linux	Civilians try to survive a besieged city.	A war game shifts the perspective from the soldier to hunger, illness, theft, and the moral cost of civilian survival.
446	2015	The Witcher 3: Wild Hunt	CD Projekt Red / CDPR	Win, PS4, Xbox One	Geralt searches for Ciri across a world devastated by war.	Side quests often have their own dramatic arc and consequences; the quality of the writing helped raise expectations of the open-world RPG.
447	2015	Bloodborne	FromSoftware / Sony	PlayStation 4	A Hunter uncovers cosmic horror hidden beneath gothic Yharnam.	The rally system rewards immediate counter-aggression after a hit and shifts the Souls formula toward faster, more offensive combat.
448	2015	Metal Gear Solid V	Kojima Productions / Konami	multiplatform	Venom Snake builds the Diamond Dogs and operates in Afghanistan and Africa.	Systems of infiltration, AI, weather, equipment, and buddy characters allow extraordinarily broad improvisation in open bases.
449	2015	Rocket League	Psyonix / Psyonix	Win, PS4	Cars play physics-based soccer with a giant ball.	The rules are immediately understandable, but full 3D control of the car creates an extraordinarily high skill ceiling.
450	2015	Undertale	Toby Fox / Toby Fox	Windows, Mac	A child can kill the underground monsters, or form a different relationship with them.	Bullet-hell defense, the possibility of killing no one, and the long-term memory of save and reset make the player's treatment of RPG violence the theme of the game.
451	2015	Her Story	Sam Barlow / Sam Barlow	Windows, iOS, Mac	The player searches fragments of police interrogations by their own keywords.	Database search is at once the interface and the detective method; the order of the story arises from the player's hypotheses.
452	2015	Kerbal Space Program	Squad / Squad	Win, Mac, Linux	The player builds rockets and runs the Kerbals' space program.	Orbital mechanics are faithful enough that the game naturally teaches the real concepts of delta-v, orbits, and staging.
453	2016	Doom	id Software / Bethesda	Win, PS4, Xbox One	The Doom Slayer brutally eliminates demons on Mars.	Glory Kills and resources from enemies reward moving forward; the reboot turned modern cover-shooter logic back toward an aggressive FPS.
454	2016	Overwatch	Blizzard / Blizzard	Win, PS4, Xbox One	Heroes with radically different abilities complete team objectives.	Readable roles, instant character switching, and a strong character identity popularized the hero-shooter model.
455	2016	Inside	Playdead / Playdead	Xbox One, Win	A boy escapes a totalitarian world full of experiments.	Almost without words, it uses animation, sound, and fluid puzzle set-pieces as its only directorial language.
456	2016	Titanfall 2	Respawn / EA	Win, PS4, Xbox One	Pilot Jack Cooper joins with the titan BT during the war on Typhon.	Each part of the campaign introduces a distinctive mechanic; wall-running and titans connect two different speeds of combat design.
457	2016	Dishonored 2	Arkane / Bethesda	Win, PS4, Xbox One	Emily or Corvo retake the throne in Karnaca.	The Clockwork Mansion and A Crack in the Slab are exemplary levels in which the architecture itself becomes a mechanical system.
458	2016	Stardew Valley	ConcernedApe / Chucklefish	Windows	The player restores an inherited farm and relationships in Pelican Town.	A single author synthesized Harvest Moon, crafting, relationships, and a light RPG; the title strengthened the modern "cozy" game tradition.
459	2016	The Witness	Thekla / Thekla	Win, PS4	The player discovers an island filled with seemingly similar line puzzles.	The rules are almost never explained in text; the player induces them by observation and gradually begins to read the environment itself as a hint.
460	2017	The Legend of Zelda: Breath of the Wild	Nintendo EPD / Nintendo	Wii U, Switch	Link explores almost all of Hyrule without a firmly prescribed route.	Climbing, the glider, physics, chemical elements, and geographic visibility replace a large part of traditional quest-marker design.
461	2017	Nier: Automata	PlatinumGames / Square Enix	PS4	Androids 2B, 9S, and A2 fight in Earth's proxy war.	It uses perspectives, genre switching, and repeated "completions" for a philosophical reframing of the same events.
462	2017	PlayerUnknown's Battlegrounds	PUBG Corp / PUBG Corp	Windows	One hundred players land without equipment and fight in a gradually shrinking zone.	Battle-royale rules turned a large map into tension among looting, position, and inevitable encounters.
463	2017	Hollow Knight	Team Cherry / Team Cherry	Windows	The Knight explores the ruined insect kingdom of Hallownest.	A large hand-drawn world, precise combat, and subtly hidden lore created one of the most influential modern metroidvania standards.
464	2017	Super Mario Odyssey	Nintendo EPD / Nintendo	Switch	Mario travels the world and, using Cappy, takes over the abilities of creatures.	The "capture" mechanic lets a single game briefly turn into dozens of different movement systems.
465	2017	Divinity: Original Sin 2	Larian / Larian	Windows	A group of Source users competes for divinity in a reactive world.	Co-op, origin characters, elemental simulation, and a willingness to accept unplanned solutions prepared the technological and design foundation of BG3.
466	2017	What Remains of Edith Finch	Giant Sparrow / Annapurna	Win, PS4	Edith reconstructs the deaths of the members of the Finch family.	Each memory uses a different interactive language; PC Gamer calls it a peak of the narratively exploratory tradition.
467	2018	Red Dead Redemption 2	Rockstar Studios / Rockstar	PS4, Xbox One	Arthur Morgan follows the collapse of Dutch van der Linde's gang.	An extraordinary density of animations, routines, and environmental details creates a world whose slowness is a conscious thematic choice.
468	2018	God of War	Santa Monica Studio / Sony	PlayStation 4	An older Kratos and his son Atreus travel the Norse world to scatter Faye's ashes.	An uncut camera and partner AI transformed the series from a spectacle brawler into more intimate, methodical action.
469	2018	Celeste	Matt Makes Games	multiplatform	Madeline climbs Mount Celeste and faces her own anxiety.	The dash has minimal rules but an enormous combinatorial space; instant restarts and Assist Mode join difficulty with accessibility.
470	2018	Return of the Obra Dinn	Lucas Pope / 3909	Win, Mac	An insurance inspector reconstructs the fate of sixty people on an abandoned ship.	The game demands real deduction of identities from occupations, accents, relationships, and position instead of dialogue "solutions."
471	2018	Into the Breach	Subset Games / Subset	Windows	Mechs protect cities from the Vek on small turn-based maps.	Enemy attacks are known in advance; the game is therefore an almost deterministic chess puzzle about manipulating the future.
472	2018	Subnautica	Unknown Worlds / Unknown Worlds	Win, Mac	A castaway survives in the ocean of an alien planet and proceeds ever deeper.	Depth, pressure, oxygen, and biomes give survival crafting a strong vertical and ecological structure.
473	2018	Tetris Effect	Resonair, Monstars / Enhance	PS4/PSVR	Classic Tetris synchronizes with music, particles, and the environment.	The Zone mechanic briefly pauses the ordinary flow of lines; audiovisual synesthesia shows how the experience of a practically unchanged classic can be changed.
474	2019	Disco Elysium	ZA/UM / ZA/UM	Windows	A detective without memory investigates a murder in politically disintegrating Revachol.	Skills are inner voices that can argue with one another; the almost complete removal of traditional combat expands the idea of what a CRPG can simulate. PC Gamer keeps it among the highest-rated PC games.
475	2019	Outer Wilds	Mobius / Annapurna	Win, Xbox One	An astronaut explores a solar system during a repeating 22-minute cycle.	The only lasting "upgrade" is the player's knowledge; the whole progression thus exists in human memory, not in an inventory.
476	2019	Sekiro: Shadows Die Twice	FromSoftware / Activision	Win, PS4, Xbox One	The shinobi Wolf protects a divine heir in mythological Japan.	Posture and deflect turn combat into a rhythmic duel over initiative instead of the classic Souls subtraction of HP.
477	2019	Control	Remedy / 505	Win, PS4, Xbox One	Jesse Faden enters the shifting headquarters of the Federal Bureau of Control.	Brutalist architecture, telekinesis, and physical destruction join Remedy narrative with systemic arena action.
478	2019	Death Stranding	Kojima Productions / Sony	PlayStation 4	Sam Porter Bridges connects an isolated America by transporting deliveries.	Terrain, cargo, and balance make walking itself a system; the asynchronous structures of other players turn loneliness into cooperation.
479	2019	Baba Is You	Hempuli / Hempuli	Win, Mac, Linux, Switch	The player physically moves the words that form the rules of the world.	"BABA IS YOU" is not a description but an editable program; the puzzle consists of rewriting game logic during play.
480	2019	Slay the Spire	Mega Crit / Humble	Win, Mac, Linux	A hero advances through a random tower and assembles a card deck during the run.	Joining a roguelike run with deckbuilding created one of the most imitated indie genre syntheses of the last decade.
481	2020	Hades	Supergiant / Supergiant	Win, macOS, Switch	Zagreus repeatedly tries to escape the underworld and meets the Greek gods.	Death advances not only the build but also new dialogue and relationships, thereby resolving the traditional conflict between roguelike repetition and a linear story.
482	2020	Half-Life: Alyx	Valve / Valve	Windows VR	Alyx Vance fights the Combine before the events of Half-Life 2.	Hands-on manipulation, spatial sound, and physical interactions showed how high-budget FPS design can be rebuilt around VR instead of merely adapted.
483	2020	Animal Crossing: New Horizons	Nintendo EPD / Nintendo	Switch	The player gradually turns a deserted island into a community of animal inhabitants.	Terraforming and exterior decoration shifted the series from living in a world toward actively designing the whole world.
484	2020	Microsoft Flight Simulator	Asobo / Xbox Game Studios	Windows	The player flies over a digitally reconstructed Earth in real aircraft.	Cloud data, satellite source material, and procedural reconstruction of the terrain brought a simulation of Earth at an unprecedented geographic scale.
485	2021	It Takes Two	Hazelight / EA	Win, PS4/5, Xbox	Divorcing parents are turned into dolls and must cooperate.	Mandatory two-player cooperation constantly changes asymmetric abilities; every system is designed around communication between two people.
486	2021	Inscryption	Daniel Mullins / Devolver	Windows	A card roguelike in a cabin gradually reveals several further layers of its fiction.	It rewrites its own rules, genre, and software-fiction frame, and it uses knowledge of the previous "act" as a tool of surprise.
487	2021	Returnal	Housemarque / Sony	PlayStation 5	Selene repeats a deadly cycle on the planet Atropos.	Bullet-hell density joins precise 3D TPS movement and the haptic and adaptive functions of the DualSense.
488	2022	Elden Ring	FromSoftware / Bandai Namco	Win, PS4/5, Xbox	The Tarnished explores the Lands Between and fights for the Elden Ring.	Souls combat was carried into an open landscape, where orientation is supported by vertical geography and discovery instead of a catalog of icons. PC Gamer ranks it among the highest contemporary PC canon.
489	2022	Vampire Survivors	poncle / poncle	Windows, Mac	A character attacks automatically while the player maneuvers among ever-larger hordes.	Removing the attack button shifts decision-making toward position, upgrades, and build synergies, and it inspired a whole wave of "survivors-like" games.
490	2022	Pentiment	Obsidian / Xbox Game Studios	Win, Xbox	The artist Andreas Maler investigates crimes in a small Bavarian town during the Reformation.	Typography, handwriting, and historical research are part of both the UI and the theme; no universally confirmed "correct" detective answer is guaranteed.
491	2023	Baldur's Gate 3	Larian / Larian	Windows; PS5 later	A party infected with mind-flayer larvae seeks a cure and decides the fate of Faerûn.	An enormous number of simulated combinations, fail-forward solutions, and reactive scenes expands the CRPG toward "tabletop improvisation"; in 2025 PC Gamer placed it first in its Top 100.
492	2023	The Legend of Zelda: Tears of the Kingdom	Nintendo EPD / Nintendo	Switch	Link explores Hyrule, the sky, and the Depths with new physics abilities.	Ultrahand lets you assemble machines from physical parts; Fuse and Recall further turn almost every object into a potential tool.
493	2023	Alan Wake 2	Remedy / Epic Games	Win, PS5, Xbox Series	Saga Anderson investigates ritual murders, while Alan Wake changes reality with a story.	Two campaigns, rewriting of the script, and FMV layers join survival horror with Remedy's experimental transmedia storytelling.
494	2023	Cocoon	Geometric Interactive / Annapurna	multiplatform	An insect-like being carries entire worlds inside spheres and travels between them.	A "world as an object" can be carried, inserted into another world, or used as an ability — remarkably pure recursive puzzle logic.
495	2024	Balatro	LocalThunk / Playstack	PC, PS, Xbox, Switch	Poker combinations are modified by Jokers, multipliers, and ever more absurd synergies.	From a simple, familiar set of poker hands it creates exponential buildcrafting; the GDCA 2025 awarded it Game of the Year, Best Debut, the Innovation Award, and Best Design.
496	2024	Animal Well	Shared Memory / Bigmode	Win, PS5, Switch	A nameless character explores a compact animal labyrinth full of hidden layers.	Items have many non-explicit uses, and the puzzles continue far beyond an ordinary "completion"; community knowledge becomes another layer of the map.
497	2024	Astro Bot	Team Asobi / Sony	PlayStation 5	Astro rescues the crew across dozens of playful planets.	The design of almost every mechanic is linked to DualSense haptics and the long history of PlayStation; Sony states a release of September 6, 2024, and the BAFTA 2025 awarded it Best Game.
498	2025	Clair Obscur: Expedition 33	Sandfall / Kepler	Win, PS5, Xbox Series	An expedition sets out to destroy the Paintress, who each year condemns another age group to annihilation.	It combines turn-based commands with real-time dodge, parry, and counter inputs; in 2026 it received BAFTA Best Game and five GDCA awards, including GOTY.
499	2025	Blue Prince	Dogubomb / Raw Fury	Win, PS5, Xbox Series	Each day Simon assembles the changing Mount Holly and searches for the mysterious Room 46.	By choosing each new room, the player at once creates the dungeon, constrains future possibilities, and gains information for further attempts; Raw Fury confirmed a release of April 10, 2025.
500	2025	Hollow Knight: Silksong	Team Cherry / Team Cherry	PC, Switch/Switch 2, PS4/5, Xbox	Hornet ascends the kingdom of Pharloom and uses faster acrobatics, tools, and silk.	It continues from Hollow Knight, but with a new height of movement, tool crafting, and Hornet's mobility it rebuilds the rhythm of exploration and of combat; Team Cherry confirmed a launch of September 4, 2025.